date,market,product,contract,open,high,low,close,settlement,volume,open_interest,open_interest_change,roll,currency,unit,source,source_grade,selection_rule,source_url
2025-01-02,SHFE,Zinc,zn2502,25240.0,25305.0,25100.0,25265.0,25205.0,116495,130684,-5759,False,CNY,CNY/tonne,SHFE official daily trading data,A_OFFICIAL_EXCHANGE,highest_open_interest_then_volume,https://www.shfe.com.cn/data/tradedata/future/dailydata/kx20250102.dat
2025-01-03,SHFE,Zinc,zn2502,24920.0,25040.0,24535.0,24665.0,24755.0,207727,114750,-15934,False,CNY,CNY/tonne,SHFE official daily trading data,A_OFFICIAL_EXCHANGE,highest_open_interest_then_volume,https://www.shfe.com.cn/data/tradedata/future/dailydata/kx20250103.dat
2025-01-06,SHFE,Zinc,zn2502,24495.0,24595.0,24390.0,24490.0,24500.0,158926,109194,-5556,False,CNY,CNY/tonne,SHFE official daily trading data,A_OFFICIAL_EXCHANGE,highest_open_interest_then_volume,https://www.shfe.com.cn/data/tradedata/future/dailydata/kx20250106.dat
2025-01-07,SHFE,Zinc,zn2502,24670.0,24760.0,24310.0,24395.0,24510.0,156531,104494,-4700,False,CNY,CNY/tonne,SHFE official daily trading data,A_OFFICIAL_EXCHANGE,highest_open_interest_then_volume,https://www.shfe.com.cn/data/tradedata/future/dailydata/kx20250107.dat
2025-01-08,SHFE,Zinc,zn2502,24340.0,24420.0,24085.0,24225.0,24275.0,138138,102938,-1556,False,CNY,CNY/tonne,SHFE official daily trading data,A_OFFICIAL_EXCHANGE,highest_open_interest_then_volume,https://www.shfe.com.cn/data/tradedata/future/dailydata/kx20250108.dat
2025-01-09,SHFE,Zinc,zn2502,24070.0,24195.0,23815.0,24110.0,23975.0,175565,100521,-2417,False,CNY,CNY/tonne,SHFE official daily trading data,A_OFFICIAL_EXCHANGE,highest_open_interest_then_volume,https://www.shfe.com.cn/data/tradedata/future/dailydata/kx20250109.dat
2025-01-10,SHFE,Zinc,zn2502,24185.0,24275.0,24040.0,24145.0,24145.0,121428,97921,-2600,False,CNY,CNY/tonne,SHFE official daily trading data,A_OFFICIAL_EXCHANGE,highest_open_interest_then_volume,https://www.shfe.com.cn/data/tradedata/future/dailydata/kx20250110.dat
2025-01-13,SHFE,Zinc,zn2502,24300.0,24360.0,24090.0,24290.0,24240.0,151731,96186,-1735,False,CNY,CNY/tonne,SHFE official daily trading data,A_OFFICIAL_EXCHANGE,highest_open_interest_then_volume,https://www.shfe.com.cn/data/tradedata/future/dailydata/kx20250113.dat
2025-01-14,SHFE,Zinc,zn2502,24355.0,24355.0,24030.0,24045.0,24170.0,137780,95143,-1043,False,CNY,CNY/tonne,SHFE official daily trading data,A_OFFICIAL_EXCHANGE,highest_open_interest_then_volume,https://www.shfe.com.cn/data/tradedata/future/dailydata/kx20250114.dat
2025-01-15,SHFE,Zinc,zn2503,24110.0,24195.0,23450.0,23525.0,23800.0,155839,101560,19731,True,CNY,CNY/tonne,SHFE official daily trading data,A_OFFICIAL_EXCHANGE,highest_open_interest_then_volume,https://www.shfe.com.cn/data/tradedata/future/dailydata/kx20250115.dat
2025-01-16,SHFE,Zinc,zn2503,23565.0,23900.0,23540.0,23760.0,23695.0,160713,107158,5598,False,CNY,CNY/tonne,SHFE official daily trading data,A_OFFICIAL_EXCHANGE,highest_open_interest_then_volume,https://www.shfe.com.cn/data/tradedata/future/dailydata/kx20250116.dat
2025-01-17,SHFE,Zinc,zn2503,23810.0,24240.0,23605.0,24225.0,23910.0,194496,104556,-2602,False,CNY,CNY/tonne,SHFE official daily trading data,A_OFFICIAL_EXCHANGE,highest_open_interest_then_volume,https://www.shfe.com.cn/data/tradedata/future/dailydata/kx20250117.dat
2025-01-20,SHFE,Zinc,zn2503,24275.0,24375.0,24025.0,24215.0,24220.0,213566,102731,-1825,False,CNY,CNY/tonne,SHFE official daily trading data,A_OFFICIAL_EXCHANGE,highest_open_interest_then_volume,https://www.shfe.com.cn/data/tradedata/future/dailydata/kx20250120.dat
2025-01-21,SHFE,Zinc,zn2503,24230.0,24420.0,24120.0,24200.0,24260.0,147168,98985,-3746,False,CNY,CNY/tonne,SHFE official daily trading data,A_OFFICIAL_EXCHANGE,highest_open_interest_then_volume,https://www.shfe.com.cn/data/tradedata/future/dailydata/kx20250121.dat
2025-01-22,SHFE,Zinc,zn2503,24130.0,24235.0,24060.0,24115.0,24145.0,120104,97992,-993,False,CNY,CNY/tonne,SHFE official daily trading data,A_OFFICIAL_EXCHANGE,highest_open_interest_then_volume,https://www.shfe.com.cn/data/tradedata/future/dailydata/kx20250122.dat
2025-01-23,SHFE,Zinc,zn2503,24075.0,24175.0,23645.0,23705.0,23870.0,159676,100453,2461,False,CNY,CNY/tonne,SHFE official daily trading data,A_OFFICIAL_EXCHANGE,highest_open_interest_then_volume,https://www.shfe.com.cn/data/tradedata/future/dailydata/kx20250123.dat
2025-01-24,SHFE,Zinc,zn2503,23730.0,23960.0,23670.0,23875.0,23815.0,112991,94106,-6347,False,CNY,CNY/tonne,SHFE official daily trading data,A_OFFICIAL_EXCHANGE,highest_open_interest_then_volume,https://www.shfe.com.cn/data/tradedata/future/dailydata/kx20250124.dat
2025-01-27,SHFE,Zinc,zn2503,23900.0,23900.0,23470.0,23655.0,23635.0,141171,90692,-3414,False,CNY,CNY/tonne,SHFE official daily trading data,A_OFFICIAL_EXCHANGE,highest_open_interest_then_volume,https://www.shfe.com.cn/data/tradedata/future/dailydata/kx20250127.dat
2025-02-05,SHFE,Zinc,zn2503,23570.0,23715.0,23180.0,23260.0,23395.0,120030,97949,7257,False,CNY,CNY/tonne,SHFE official daily trading data,A_OFFICIAL_EXCHANGE,highest_open_interest_then_volume,https://www.shfe.com.cn/data/tradedata/future/dailydata/kx20250205.dat
2025-02-06,SHFE,Zinc,zn2503,23170.0,23710.0,23010.0,23675.0,23350.0,167998,97129,-820,False,CNY,CNY/tonne,SHFE official daily trading data,A_OFFICIAL_EXCHANGE,highest_open_interest_then_volume,https://www.shfe.com.cn/data/tradedata/future/dailydata/kx20250206.dat
2025-02-07,SHFE,Zinc,zn2503,23615.0,24105.0,23595.0,24015.0,23815.0,159412,93049,-4080,False,CNY,CNY/tonne,SHFE official daily trading data,A_OFFICIAL_EXCHANGE,highest_open_interest_then_volume,https://www.shfe.com.cn/data/tradedata/future/dailydata/kx20250207.dat
2025-02-10,SHFE,Zinc,zn2503,24015.0,24035.0,23705.0,23805.0,23860.0,128795,92543,-506,False,CNY,CNY/tonne,SHFE official daily trading data,A_OFFICIAL_EXCHANGE,highest_open_interest_then_volume,https://www.shfe.com.cn/data/tradedata/future/dailydata/kx20250210.dat
2025-02-11,SHFE,Zinc,zn2503,23730.0,23825.0,23580.0,23745.0,23725.0,111470,91540,-1003,False,CNY,CNY/tonne,SHFE official daily trading data,A_OFFICIAL_EXCHANGE,highest_open_interest_then_volume,https://www.shfe.com.cn/data/tradedata/future/dailydata/kx20250211.dat
2025-02-12,SHFE,Zinc,zn2503,23610.0,23845.0,23475.0,23800.0,23660.0,110845,90154,-1386,False,CNY,CNY/tonne,SHFE official daily trading data,A_OFFICIAL_EXCHANGE,highest_open_interest_then_volume,https://www.shfe.com.cn/data/tradedata/future/dailydata/kx20250212.dat
2025-02-13,SHFE,Zinc,zn2503,23835.0,23925.0,23725.0,23775.0,23805.0,109029,84705,-5449,False,CNY,CNY/tonne,SHFE official daily trading data,A_OFFICIAL_EXCHANGE,highest_open_interest_then_volume,https://www.shfe.com.cn/data/tradedata/future/dailydata/kx20250213.dat
2025-02-14,SHFE,Zinc,zn2503,23745.0,24145.0,23670.0,24125.0,23920.0,139330,83893,-812,False,CNY,CNY/tonne,SHFE official daily trading data,A_OFFICIAL_EXCHANGE,highest_open_interest_then_volume,https://www.shfe.com.cn/data/tradedata/future/dailydata/kx20250214.dat
2025-02-17,SHFE,Zinc,zn2503,24075.0,24115.0,23565.0,23850.0,23815.0,165812,74928,-8965,False,CNY,CNY/tonne,SHFE official daily trading data,A_OFFICIAL_EXCHANGE,highest_open_interest_then_volume,https://www.shfe.com.cn/data/tradedata/future/dailydata/kx20250217.dat
2025-02-18,SHFE,Zinc,zn2503,23830.0,23985.0,23800.0,23880.0,23890.0,94660,71868,-3060,False,CNY,CNY/tonne,SHFE official daily trading data,A_OFFICIAL_EXCHANGE,highest_open_interest_then_volume,https://www.shfe.com.cn/data/tradedata/future/dailydata/kx20250218.dat
2025-02-19,SHFE,Zinc,zn2503,24010.0,24040.0,23865.0,23925.0,23965.0,79913,67758,-4110,False,CNY,CNY/tonne,SHFE official daily trading data,A_OFFICIAL_EXCHANGE,highest_open_interest_then_volume,https://www.shfe.com.cn/data/tradedata/future/dailydata/kx20250219.dat
2025-02-20,SHFE,Zinc,zn2504,23940.0,24160.0,23845.0,24145.0,23975.0,80977,72580,7080,True,CNY,CNY/tonne,SHFE official daily trading data,A_OFFICIAL_EXCHANGE,highest_open_interest_then_volume,https://www.shfe.com.cn/data/tradedata/future/dailydata/kx20250220.dat
2025-02-21,SHFE,Zinc,zn2504,24170.0,24235.0,23955.0,24020.0,24095.0,106609,77531,4951,False,CNY,CNY/tonne,SHFE official daily trading data,A_OFFICIAL_EXCHANGE,highest_open_interest_then_volume,https://www.shfe.com.cn/data/tradedata/future/dailydata/kx20250221.dat
2025-02-24,SHFE,Zinc,zn2504,23980.0,24160.0,23915.0,23990.0,24025.0,140696,81862,4331,False,CNY,CNY/tonne,SHFE official daily trading data,A_OFFICIAL_EXCHANGE,highest_open_interest_then_volume,https://www.shfe.com.cn/data/tradedata/future/dailydata/kx20250224.dat
2025-02-25,SHFE,Zinc,zn2504,23850.0,23870.0,23575.0,23595.0,23685.0,160737,90580,8718,False,CNY,CNY/tonne,SHFE official daily trading data,A_OFFICIAL_EXCHANGE,highest_open_interest_then_volume,https://www.shfe.com.cn/data/tradedata/future/dailydata/kx20250225.dat
2025-02-26,SHFE,Zinc,zn2504,23500.0,23670.0,23500.0,23565.0,23575.0,121104,90337,-243,False,CNY,CNY/tonne,SHFE official daily trading data,A_OFFICIAL_EXCHANGE,highest_open_interest_then_volume,https://www.shfe.com.cn/data/tradedata/future/dailydata/kx20250226.dat
2025-02-27,SHFE,Zinc,zn2504,23605.0,23645.0,23435.0,23555.0,23530.0,113705,91824,1487,False,CNY,CNY/tonne,SHFE official daily trading data,A_OFFICIAL_EXCHANGE,highest_open_interest_then_volume,https://www.shfe.com.cn/data/tradedata/future/dailydata/kx20250227.dat
2025-02-28,SHFE,Zinc,zn2504,23655.0,23670.0,23300.0,23425.0,23490.0,148190,96907,5083,False,CNY,CNY/tonne,SHFE official daily trading data,A_OFFICIAL_EXCHANGE,highest_open_interest_then_volume,https://www.shfe.com.cn/data/tradedata/future/dailydata/kx20250228.dat
2025-03-03,SHFE,Zinc,zn2504,23495.0,23810.0,23470.0,23730.0,23645.0,168467,87685,-9222,False,CNY,CNY/tonne,SHFE official daily trading data,A_OFFICIAL_EXCHANGE,highest_open_interest_then_volume,https://www.shfe.com.cn/data/tradedata/future/dailydata/kx20250303.dat
2025-03-04,SHFE,Zinc,zn2504,23750.0,23860.0,23625.0,23680.0,23745.0,128969,83993,-3692,False,CNY,CNY/tonne,SHFE official daily trading data,A_OFFICIAL_EXCHANGE,highest_open_interest_then_volume,https://www.shfe.com.cn/data/tradedata/future/dailydata/kx20250304.dat
2025-03-05,SHFE,Zinc,zn2504,23730.0,23795.0,23490.0,23645.0,23645.0,133829,85427,1434,False,CNY,CNY/tonne,SHFE official daily trading data,A_OFFICIAL_EXCHANGE,highest_open_interest_then_volume,https://www.shfe.com.cn/data/tradedata/future/dailydata/kx20250305.dat
2025-03-06,SHFE,Zinc,zn2504,23800.0,24060.0,23690.0,24000.0,23900.0,164525,91558,6131,False,CNY,CNY/tonne,SHFE official daily trading data,A_OFFICIAL_EXCHANGE,highest_open_interest_then_volume,https://www.shfe.com.cn/data/tradedata/future/dailydata/kx20250306.dat
2025-03-07,SHFE,Zinc,zn2504,24100.0,24160.0,23930.0,23960.0,24060.0,143514,89620,-1938,False,CNY,CNY/tonne,SHFE official daily trading data,A_OFFICIAL_EXCHANGE,highest_open_interest_then_volume,https://www.shfe.com.cn/data/tradedata/future/dailydata/kx20250307.dat
2025-03-10,SHFE,Zinc,zn2504,23880.0,23980.0,23735.0,23835.0,23860.0,138976,82546,-7074,False,CNY,CNY/tonne,SHFE official daily trading data,A_OFFICIAL_EXCHANGE,highest_open_interest_then_volume,https://www.shfe.com.cn/data/tradedata/future/dailydata/kx20250310.dat
2025-03-11,SHFE,Zinc,zn2504,23800.0,23850.0,23540.0,23840.0,23710.0,130549,79502,-3044,False,CNY,CNY/tonne,SHFE official daily trading data,A_OFFICIAL_EXCHANGE,highest_open_interest_then_volume,https://www.shfe.com.cn/data/tradedata/future/dailydata/kx20250311.dat
2025-03-12,SHFE,Zinc,zn2505,23950.0,23955.0,23800.0,23815.0,23885.0,83041,82129,3205,True,CNY,CNY/tonne,SHFE official daily trading data,A_OFFICIAL_EXCHANGE,highest_open_interest_then_volume,https://www.shfe.com.cn/data/tradedata/future/dailydata/kx20250312.dat
2025-03-13,SHFE,Zinc,zn2505,24080.0,24150.0,23935.0,24030.0,24040.0,116244,97749,15620,False,CNY,CNY/tonne,SHFE official daily trading data,A_OFFICIAL_EXCHANGE,highest_open_interest_then_volume,https://www.shfe.com.cn/data/tradedata/future/dailydata/kx20250313.dat
2025-03-14,SHFE,Zinc,zn2505,24035.0,24260.0,23960.0,24155.0,24130.0,143403,115898,18149,False,CNY,CNY/tonne,SHFE official daily trading data,A_OFFICIAL_EXCHANGE,highest_open_interest_then_volume,https://www.shfe.com.cn/data/tradedata/future/dailydata/kx20250314.dat
2025-03-17,SHFE,Zinc,zn2505,24215.0,24260.0,24075.0,24205.0,24165.0,141565,124368,8470,False,CNY,CNY/tonne,SHFE official daily trading data,A_OFFICIAL_EXCHANGE,highest_open_interest_then_volume,https://www.shfe.com.cn/data/tradedata/future/dailydata/kx20250317.dat
2025-03-18,SHFE,Zinc,zn2505,24160.0,24160.0,23725.0,23770.0,23940.0,189092,123287,-1081,False,CNY,CNY/tonne,SHFE official daily trading data,A_OFFICIAL_EXCHANGE,highest_open_interest_then_volume,https://www.shfe.com.cn/data/tradedata/future/dailydata/kx20250318.dat
2025-03-19,SHFE,Zinc,zn2505,23825.0,23960.0,23730.0,23895.0,23840.0,161711,122840,-447,False,CNY,CNY/tonne,SHFE official daily trading data,A_OFFICIAL_EXCHANGE,highest_open_interest_then_volume,https://www.shfe.com.cn/data/tradedata/future/dailydata/kx20250319.dat
2025-03-20,SHFE,Zinc,zn2505,23840.0,23905.0,23630.0,23855.0,23760.0,198704,124893,2053,False,CNY,CNY/tonne,SHFE official daily trading data,A_OFFICIAL_EXCHANGE,highest_open_interest_then_volume,https://www.shfe.com.cn/data/tradedata/future/dailydata/kx20250320.dat
2025-03-21,SHFE,Zinc,zn2505,23785.0,23935.0,23705.0,23770.0,23810.0,175632,124780,-113,False,CNY,CNY/tonne,SHFE official daily trading data,A_OFFICIAL_EXCHANGE,highest_open_interest_then_volume,https://www.shfe.com.cn/data/tradedata/future/dailydata/kx20250321.dat
2025-03-24,SHFE,Zinc,zn2505,23810.0,24235.0,23810.0,24200.0,24060.0,243814,133620,8840,False,CNY,CNY/tonne,SHFE official daily trading data,A_OFFICIAL_EXCHANGE,highest_open_interest_then_volume,https://www.shfe.com.cn/data/tradedata/future/dailydata/kx20250324.dat
2025-03-25,SHFE,Zinc,zn2505,24270.0,24280.0,24070.0,24125.0,24140.0,147213,131122,-2498,False,CNY,CNY/tonne,SHFE official daily trading data,A_OFFICIAL_EXCHANGE,highest_open_interest_then_volume,https://www.shfe.com.cn/data/tradedata/future/dailydata/kx20250325.dat
2025-03-26,SHFE,Zinc,zn2505,24155.0,24270.0,24080.0,24155.0,24165.0,176395,124775,-6347,False,CNY,CNY/tonne,SHFE official daily trading data,A_OFFICIAL_EXCHANGE,highest_open_interest_then_volume,https://www.shfe.com.cn/data/tradedata/future/dailydata/kx20250326.dat
2025-03-27,SHFE,Zinc,zn2505,24085.0,24185.0,24045.0,24105.0,24115.0,138213,118980,-5795,False,CNY,CNY/tonne,SHFE official daily trading data,A_OFFICIAL_EXCHANGE,highest_open_interest_then_volume,https://www.shfe.com.cn/data/tradedata/future/dailydata/kx20250327.dat
2025-03-28,SHFE,Zinc,zn2505,24000.0,24005.0,23695.0,23770.0,23840.0,196166,111876,-7104,False,CNY,CNY/tonne,SHFE official daily trading data,A_OFFICIAL_EXCHANGE,highest_open_interest_then_volume,https://www.shfe.com.cn/data/tradedata/future/dailydata/kx20250328.dat
2025-03-31,SHFE,Zinc,zn2505,23730.0,23790.0,23335.0,23455.0,23515.0,216050,117351,5475,False,CNY,CNY/tonne,SHFE official daily trading data,A_OFFICIAL_EXCHANGE,highest_open_interest_then_volume,https://www.shfe.com.cn/data/tradedata/future/dailydata/kx20250331.dat
2025-04-01,SHFE,Zinc,zn2505,23450.0,23660.0,23355.0,23615.0,23520.0,165508,108627,-8724,False,CNY,CNY/tonne,SHFE official daily trading data,A_OFFICIAL_EXCHANGE,highest_open_interest_then_volume,https://www.shfe.com.cn/data/tradedata/future/dailydata/kx20250401.dat
2025-04-02,SHFE,Zinc,zn2505,23480.0,23540.0,23230.0,23380.0,23355.0,190946,110654,2027,False,CNY,CNY/tonne,SHFE official daily trading data,A_OFFICIAL_EXCHANGE,highest_open_interest_then_volume,https://www.shfe.com.cn/data/tradedata/future/dailydata/kx20250402.dat
2025-04-03,SHFE,Zinc,zn2505,23205.0,23300.0,22960.0,23155.0,23140.0,217133,103783,-6871,False,CNY,CNY/tonne,SHFE official daily trading data,A_OFFICIAL_EXCHANGE,highest_open_interest_then_volume,https://www.shfe.com.cn/data/tradedata/future/dailydata/kx20250403.dat
2025-04-07,SHFE,Zinc,zn2506,21700.0,22770.0,21555.0,22340.0,22260.0,206612,95174,6032,True,CNY,CNY/tonne,SHFE official daily trading data,A_OFFICIAL_EXCHANGE,highest_open_interest_then_volume,https://www.shfe.com.cn/data/tradedata/future/dailydata/kx20250407.dat
2025-04-08,SHFE,Zinc,zn2506,22190.0,22625.0,21970.0,22085.0,22280.0,171263,98886,3712,False,CNY,CNY/tonne,SHFE official daily trading data,A_OFFICIAL_EXCHANGE,highest_open_interest_then_volume,https://www.shfe.com.cn/data/tradedata/future/dailydata/kx20250408.dat
2025-04-09,SHFE,Zinc,zn2506,22150.0,22210.0,21460.0,21705.0,21815.0,186777,104096,5210,False,CNY,CNY/tonne,SHFE official daily trading data,A_OFFICIAL_EXCHANGE,highest_open_interest_then_volume,https://www.shfe.com.cn/data/tradedata/future/dailydata/kx20250409.dat
2025-04-10,SHFE,Zinc,zn2506,21580.0,22560.0,21530.0,22475.0,22150.0,206819,93555,-10541,False,CNY,CNY/tonne,SHFE official daily trading data,A_OFFICIAL_EXCHANGE,highest_open_interest_then_volume,https://www.shfe.com.cn/data/tradedata/future/dailydata/kx20250410.dat
2025-04-11,SHFE,Zinc,zn2506,22280.0,22480.0,22195.0,22405.0,22345.0,165241,98682,5127,False,CNY,CNY/tonne,SHFE official daily trading data,A_OFFICIAL_EXCHANGE,highest_open_interest_then_volume,https://www.shfe.com.cn/data/tradedata/future/dailydata/kx20250411.dat
2025-04-14,SHFE,Zinc,zn2506,22445.0,22595.0,22355.0,22515.0,22470.0,155488,105798,7116,False,CNY,CNY/tonne,SHFE official daily trading data,A_OFFICIAL_EXCHANGE,highest_open_interest_then_volume,https://www.shfe.com.cn/data/tradedata/future/dailydata/kx20250414.dat
2025-04-15,SHFE,Zinc,zn2506,22415.0,22450.0,22250.0,22325.0,22355.0,157911,113579,7781,False,CNY,CNY/tonne,SHFE official daily trading data,A_OFFICIAL_EXCHANGE,highest_open_interest_then_volume,https://www.shfe.com.cn/data/tradedata/future/dailydata/kx20250415.dat
2025-04-16,SHFE,Zinc,zn2506,22320.0,22400.0,21835.0,21920.0,22140.0,203299,126631,13052,False,CNY,CNY/tonne,SHFE official daily trading data,A_OFFICIAL_EXCHANGE,highest_open_interest_then_volume,https://www.shfe.com.cn/data/tradedata/future/dailydata/kx20250416.dat
2025-04-17,SHFE,Zinc,zn2506,21850.0,22195.0,21775.0,21990.0,21965.0,199355,127501,870,False,CNY,CNY/tonne,SHFE official daily trading data,A_OFFICIAL_EXCHANGE,highest_open_interest_then_volume,https://www.shfe.com.cn/data/tradedata/future/dailydata/kx20250417.dat
2025-04-18,SHFE,Zinc,zn2506,21950.0,22120.0,21870.0,22050.0,22015.0,154714,129328,1827,False,CNY,CNY/tonne,SHFE official daily trading data,A_OFFICIAL_EXCHANGE,highest_open_interest_then_volume,https://www.shfe.com.cn/data/tradedata/future/dailydata/kx20250418.dat
2025-04-21,SHFE,Zinc,zn2506,22100.0,22465.0,21935.0,22395.0,22210.0,194671,125738,-3590,False,CNY,CNY/tonne,SHFE official daily trading data,A_OFFICIAL_EXCHANGE,highest_open_interest_then_volume,https://www.shfe.com.cn/data/tradedata/future/dailydata/kx20250421.dat
2025-04-22,SHFE,Zinc,zn2506,22450.0,22450.0,22075.0,22285.0,22245.0,161940,130353,4615,False,CNY,CNY/tonne,SHFE official daily trading data,A_OFFICIAL_EXCHANGE,highest_open_interest_then_volume,https://www.shfe.com.cn/data/tradedata/future/dailydata/kx20250422.dat
2025-04-23,SHFE,Zinc,zn2506,22325.0,22635.0,22210.0,22460.0,22415.0,217520,127251,-3102,False,CNY,CNY/tonne,SHFE official daily trading data,A_OFFICIAL_EXCHANGE,highest_open_interest_then_volume,https://www.shfe.com.cn/data/tradedata/future/dailydata/kx20250423.dat
2025-04-24,SHFE,Zinc,zn2506,22550.0,22640.0,22450.0,22590.0,22540.0,180352,125084,-2167,False,CNY,CNY/tonne,SHFE official daily trading data,A_OFFICIAL_EXCHANGE,highest_open_interest_then_volume,https://www.shfe.com.cn/data/tradedata/future/dailydata/kx20250424.dat
2025-04-25,SHFE,Zinc,zn2506,22630.0,22910.0,22550.0,22750.0,22745.0,203216,122427,-2657,False,CNY,CNY/tonne,SHFE official daily trading data,A_OFFICIAL_EXCHANGE,highest_open_interest_then_volume,https://www.shfe.com.cn/data/tradedata/future/dailydata/kx20250425.dat
2025-04-28,SHFE,Zinc,zn2506,22630.0,22650.0,22380.0,22520.0,22515.0,149791,117883,-4544,False,CNY,CNY/tonne,SHFE official daily trading data,A_OFFICIAL_EXCHANGE,highest_open_interest_then_volume,https://www.shfe.com.cn/data/tradedata/future/dailydata/kx20250428.dat
2025-04-29,SHFE,Zinc,zn2506,22520.0,22610.0,22465.0,22550.0,22535.0,103421,114582,-3301,False,CNY,CNY/tonne,SHFE official daily trading data,A_OFFICIAL_EXCHANGE,highest_open_interest_then_volume,https://www.shfe.com.cn/data/tradedata/future/dailydata/kx20250429.dat
2025-04-30,SHFE,Zinc,zn2506,22605.0,22650.0,22345.0,22440.0,22505.0,115362,105996,-8586,False,CNY,CNY/tonne,SHFE official daily trading data,A_OFFICIAL_EXCHANGE,highest_open_interest_then_volume,https://www.shfe.com.cn/data/tradedata/future/dailydata/kx20250430.dat
2025-05-06,SHFE,Zinc,zn2506,22390.0,22580.0,22300.0,22355.0,22420.0,115056,111715,5719,False,CNY,CNY/tonne,SHFE official daily trading data,A_OFFICIAL_EXCHANGE,highest_open_interest_then_volume,https://www.shfe.com.cn/data/tradedata/future/dailydata/kx20250506.dat
2025-05-07,SHFE,Zinc,zn2506,22300.0,22530.0,22210.0,22210.0,22350.0,155956,116701,4986,False,CNY,CNY/tonne,SHFE official daily trading data,A_OFFICIAL_EXCHANGE,highest_open_interest_then_volume,https://www.shfe.com.cn/data/tradedata/future/dailydata/kx20250507.dat
2025-05-08,SHFE,Zinc,zn2506,22245.0,22455.0,22070.0,22175.0,22280.0,222075,119907,3206,False,CNY,CNY/tonne,SHFE official daily trading data,A_OFFICIAL_EXCHANGE,highest_open_interest_then_volume,https://www.shfe.com.cn/data/tradedata/future/dailydata/kx20250508.dat
2025-05-09,SHFE,Zinc,zn2506,22155.0,22370.0,22075.0,22190.0,22250.0,140017,119170,-737,False,CNY,CNY/tonne,SHFE official daily trading data,A_OFFICIAL_EXCHANGE,highest_open_interest_then_volume,https://www.shfe.com.cn/data/tradedata/future/dailydata/kx20250509.dat
2025-05-12,SHFE,Zinc,zn2506,22360.0,22515.0,22080.0,22490.0,22325.0,229910,118030,-1140,False,CNY,CNY/tonne,SHFE official daily trading data,A_OFFICIAL_EXCHANGE,highest_open_interest_then_volume,https://www.shfe.com.cn/data/tradedata/future/dailydata/kx20250512.dat
2025-05-13,SHFE,Zinc,zn2506,22530.0,22655.0,22135.0,22325.0,22330.0,170560,112035,-5995,False,CNY,CNY/tonne,SHFE official daily trading data,A_OFFICIAL_EXCHANGE,highest_open_interest_then_volume,https://www.shfe.com.cn/data/tradedata/future/dailydata/kx20250513.dat
2025-05-14,SHFE,Zinc,zn2506,22265.0,22780.0,22160.0,22710.0,22520.0,219108,104941,-7094,False,CNY,CNY/tonne,SHFE official daily trading data,A_OFFICIAL_EXCHANGE,highest_open_interest_then_volume,https://www.shfe.com.cn/data/tradedata/future/dailydata/kx20250514.dat
2025-05-15,SHFE,Zinc,zn2506,22885.0,22915.0,22545.0,22590.0,22740.0,152385,99050,-5891,False,CNY,CNY/tonne,SHFE official daily trading data,A_OFFICIAL_EXCHANGE,highest_open_interest_then_volume,https://www.shfe.com.cn/data/tradedata/future/dailydata/kx20250515.dat
2025-05-16,SHFE,Zinc,zn2506,22490.0,22640.0,22440.0,22500.0,22525.0,118189,94346,-4704,False,CNY,CNY/tonne,SHFE official daily trading data,A_OFFICIAL_EXCHANGE,highest_open_interest_then_volume,https://www.shfe.com.cn/data/tradedata/future/dailydata/kx20250516.dat
2025-05-19,SHFE,Zinc,zn2507,22320.0,22410.0,22180.0,22245.0,22280.0,85465,86473,5901,True,CNY,CNY/tonne,SHFE official daily trading data,A_OFFICIAL_EXCHANGE,highest_open_interest_then_volume,https://www.shfe.com.cn/data/tradedata/future/dailydata/kx20250519.dat
2025-05-20,SHFE,Zinc,zn2507,22290.0,22305.0,22175.0,22220.0,22225.0,77992,92994,6521,False,CNY,CNY/tonne,SHFE official daily trading data,A_OFFICIAL_EXCHANGE,highest_open_interest_then_volume,https://www.shfe.com.cn/data/tradedata/future/dailydata/kx20250520.dat
2025-05-21,SHFE,Zinc,zn2507,22320.0,22470.0,22290.0,22410.0,22385.0,98470,101413,8419,False,CNY,CNY/tonne,SHFE official daily trading data,A_OFFICIAL_EXCHANGE,highest_open_interest_then_volume,https://www.shfe.com.cn/data/tradedata/future/dailydata/kx20250521.dat
2025-05-22,SHFE,Zinc,zn2507,22355.0,22355.0,22160.0,22245.0,22250.0,118697,108242,6829,False,CNY,CNY/tonne,SHFE official daily trading data,A_OFFICIAL_EXCHANGE,highest_open_interest_then_volume,https://www.shfe.com.cn/data/tradedata/future/dailydata/kx20250522.dat
2025-05-23,SHFE,Zinc,zn2507,22295.0,22380.0,22205.0,22215.0,22300.0,127189,114069,5827,False,CNY,CNY/tonne,SHFE official daily trading data,A_OFFICIAL_EXCHANGE,highest_open_interest_then_volume,https://www.shfe.com.cn/data/tradedata/future/dailydata/kx20250523.dat
2025-05-26,SHFE,Zinc,zn2507,22155.0,22300.0,22085.0,22185.0,22195.0,142739,118520,4451,False,CNY,CNY/tonne,SHFE official daily trading data,A_OFFICIAL_EXCHANGE,highest_open_interest_then_volume,https://www.shfe.com.cn/data/tradedata/future/dailydata/kx20250526.dat
2025-05-27,SHFE,Zinc,zn2507,22185.0,22695.0,22175.0,22330.0,22410.0,343177,121568,3048,False,CNY,CNY/tonne,SHFE official daily trading data,A_OFFICIAL_EXCHANGE,highest_open_interest_then_volume,https://www.shfe.com.cn/data/tradedata/future/dailydata/kx20250527.dat
2025-05-28,SHFE,Zinc,zn2507,22380.0,22485.0,22200.0,22210.0,22360.0,162225,123007,1439,False,CNY,CNY/tonne,SHFE official daily trading data,A_OFFICIAL_EXCHANGE,highest_open_interest_then_volume,https://www.shfe.com.cn/data/tradedata/future/dailydata/kx20250528.dat
2025-05-29,SHFE,Zinc,zn2507,22300.0,22530.0,22225.0,22495.0,22360.0,184818,119380,-3627,False,CNY,CNY/tonne,SHFE official daily trading data,A_OFFICIAL_EXCHANGE,highest_open_interest_then_volume,https://www.shfe.com.cn/data/tradedata/future/dailydata/kx20250529.dat
2025-05-30,SHFE,Zinc,zn2507,22450.0,22465.0,22150.0,22225.0,22285.0,181701,116614,-2766,False,CNY,CNY/tonne,SHFE official daily trading data,A_OFFICIAL_EXCHANGE,highest_open_interest_then_volume,https://www.shfe.com.cn/data/tradedata/future/dailydata/kx20250530.dat
2025-06-03,SHFE,Zinc,zn2507,22330.0,22515.0,22090.0,22180.0,22240.0,155440,122728,6114,False,CNY,CNY/tonne,SHFE official daily trading data,A_OFFICIAL_EXCHANGE,highest_open_interest_then_volume,https://www.shfe.com.cn/data/tradedata/future/dailydata/kx20250603.dat
2025-06-04,SHFE,Zinc,zn2507,22260.0,22475.0,22260.0,22420.0,22380.0,169465,123944,1216,False,CNY,CNY/tonne,SHFE official daily trading data,A_OFFICIAL_EXCHANGE,highest_open_interest_then_volume,https://www.shfe.com.cn/data/tradedata/future/dailydata/kx20250604.dat
2025-06-05,SHFE,Zinc,zn2507,22380.0,22450.0,22255.0,22340.0,22345.0,146875,124586,642,False,CNY,CNY/tonne,SHFE official daily trading data,A_OFFICIAL_EXCHANGE,highest_open_interest_then_volume,https://www.shfe.com.cn/data/tradedata/future/dailydata/kx20250605.dat
2025-06-06,SHFE,Zinc,zn2507,22290.0,22415.0,22230.0,22385.0,22310.0,173548,119647,-4939,False,CNY,CNY/tonne,SHFE official daily trading data,A_OFFICIAL_EXCHANGE,highest_open_interest_then_volume,https://www.shfe.com.cn/data/tradedata/future/dailydata/kx20250606.dat
2025-06-09,SHFE,Zinc,zn2507,22250.0,22335.0,21855.0,21910.0,22125.0,242193,135718,16071,False,CNY,CNY/tonne,SHFE official daily trading data,A_OFFICIAL_EXCHANGE,highest_open_interest_then_volume,https://www.shfe.com.cn/data/tradedata/future/dailydata/kx20250609.dat
2025-06-10,SHFE,Zinc,zn2507,21945.0,21950.0,21760.0,21845.0,21870.0,158631,135071,-647,False,CNY,CNY/tonne,SHFE official daily trading data,A_OFFICIAL_EXCHANGE,highest_open_interest_then_volume,https://www.shfe.com.cn/data/tradedata/future/dailydata/kx20250610.dat
2025-06-11,SHFE,Zinc,zn2507,21900.0,22205.0,21855.0,22140.0,22020.0,170227,125779,-9292,False,CNY,CNY/tonne,SHFE official daily trading data,A_OFFICIAL_EXCHANGE,highest_open_interest_then_volume,https://www.shfe.com.cn/data/tradedata/future/dailydata/kx20250611.dat
2025-06-12,SHFE,Zinc,zn2507,22100.0,22160.0,21965.0,22085.0,22055.0,118688,121089,-4690,False,CNY,CNY/tonne,SHFE official daily trading data,A_OFFICIAL_EXCHANGE,highest_open_interest_then_volume,https://www.shfe.com.cn/data/tradedata/future/dailydata/kx20250612.dat
2025-06-13,SHFE,Zinc,zn2507,22000.0,22090.0,21745.0,21815.0,21950.0,191037,123160,2071,False,CNY,CNY/tonne,SHFE official daily trading data,A_OFFICIAL_EXCHANGE,highest_open_interest_then_volume,https://www.shfe.com.cn/data/tradedata/future/dailydata/kx20250613.dat
2025-06-16,SHFE,Zinc,zn2507,21745.0,21935.0,21660.0,21840.0,21800.0,163962,116264,-6896,False,CNY,CNY/tonne,SHFE official daily trading data,A_OFFICIAL_EXCHANGE,highest_open_interest_then_volume,https://www.shfe.com.cn/data/tradedata/future/dailydata/kx20250616.dat
2025-06-17,SHFE,Zinc,zn2507,21955.0,21985.0,21760.0,21905.0,21875.0,124389,105668,-10596,False,CNY,CNY/tonne,SHFE official daily trading data,A_OFFICIAL_EXCHANGE,highest_open_interest_then_volume,https://www.shfe.com.cn/data/tradedata/future/dailydata/kx20250617.dat
2025-06-18,SHFE,Zinc,zn2508,21655.0,21885.0,21615.0,21810.0,21775.0,82237,97600,-6441,True,CNY,CNY/tonne,SHFE official daily trading data,A_OFFICIAL_EXCHANGE,highest_open_interest_then_volume,https://www.shfe.com.cn/data/tradedata/future/dailydata/kx20250618.dat
2025-06-19,SHFE,Zinc,zn2508,21755.0,21815.0,21600.0,21680.0,21705.0,84227,103561,5961,False,CNY,CNY/tonne,SHFE official daily trading data,A_OFFICIAL_EXCHANGE,highest_open_interest_then_volume,https://www.shfe.com.cn/data/tradedata/future/dailydata/kx20250619.dat
2025-06-20,SHFE,Zinc,zn2508,21740.0,21840.0,21670.0,21675.0,21740.0,91557,105123,1562,False,CNY,CNY/tonne,SHFE official daily trading data,A_OFFICIAL_EXCHANGE,highest_open_interest_then_volume,https://www.shfe.com.cn/data/tradedata/future/dailydata/kx20250620.dat
2025-06-23,SHFE,Zinc,zn2508,21740.0,21800.0,21635.0,21780.0,21735.0,111405,110868,5745,False,CNY,CNY/tonne,SHFE official daily trading data,A_OFFICIAL_EXCHANGE,highest_open_interest_then_volume,https://www.shfe.com.cn/data/tradedata/future/dailydata/kx20250623.dat
2025-06-24,SHFE,Zinc,zn2508,21875.0,22030.0,21825.0,21920.0,21920.0,185998,121470,10602,False,CNY,CNY/tonne,SHFE official daily trading data,A_OFFICIAL_EXCHANGE,highest_open_interest_then_volume,https://www.shfe.com.cn/data/tradedata/future/dailydata/kx20250624.dat
2025-06-25,SHFE,Zinc,zn2508,21975.0,22095.0,21860.0,22045.0,21965.0,158531,129865,8395,False,CNY,CNY/tonne,SHFE official daily trading data,A_OFFICIAL_EXCHANGE,highest_open_interest_then_volume,https://www.shfe.com.cn/data/tradedata/future/dailydata/kx20250625.dat
2025-06-26,SHFE,Zinc,zn2508,22090.0,22400.0,22030.0,22240.0,22155.0,168109,135638,5773,False,CNY,CNY/tonne,SHFE official daily trading data,A_OFFICIAL_EXCHANGE,highest_open_interest_then_volume,https://www.shfe.com.cn/data/tradedata/future/dailydata/kx20250626.dat
2025-06-27,SHFE,Zinc,zn2508,22345.0,22570.0,22270.0,22410.0,22425.0,225824,142428,6790,False,CNY,CNY/tonne,SHFE official daily trading data,A_OFFICIAL_EXCHANGE,highest_open_interest_then_volume,https://www.shfe.com.cn/data/tradedata/future/dailydata/kx20250627.dat
2025-06-30,SHFE,Zinc,zn2508,22330.0,22530.0,22330.0,22495.0,22435.0,160924,140186,-2242,False,CNY,CNY/tonne,SHFE official daily trading data,A_OFFICIAL_EXCHANGE,highest_open_interest_then_volume,https://www.shfe.com.cn/data/tradedata/future/dailydata/kx20250630.dat
2025-07-01,SHFE,Zinc,zn2508,22380.0,22420.0,22105.0,22255.0,22255.0,178683,134433,-5753,False,CNY,CNY/tonne,SHFE official daily trading data,A_OFFICIAL_EXCHANGE,highest_open_interest_then_volume,https://www.shfe.com.cn/data/tradedata/future/dailydata/kx20250701.dat
2025-07-02,SHFE,Zinc,zn2508,22250.0,22310.0,22145.0,22230.0,22215.0,128020,129763,-4670,False,CNY,CNY/tonne,SHFE official daily trading data,A_OFFICIAL_EXCHANGE,highest_open_interest_then_volume,https://www.shfe.com.cn/data/tradedata/future/dailydata/kx20250702.dat
2025-07-03,SHFE,Zinc,zn2508,22320.0,22400.0,22245.0,22325.0,22335.0,132674,127934,-1829,False,CNY,CNY/tonne,SHFE official daily trading data,A_OFFICIAL_EXCHANGE,highest_open_interest_then_volume,https://www.shfe.com.cn/data/tradedata/future/dailydata/kx20250703.dat
2025-07-04,SHFE,Zinc,zn2508,22295.0,22445.0,22260.0,22410.0,22350.0,153571,128000,66,False,CNY,CNY/tonne,SHFE official daily trading data,A_OFFICIAL_EXCHANGE,highest_open_interest_then_volume,https://www.shfe.com.cn/data/tradedata/future/dailydata/kx20250704.dat
2025-07-07,SHFE,Zinc,zn2508,22340.0,22360.0,22040.0,22090.0,22185.0,160506,126532,-1468,False,CNY,CNY/tonne,SHFE official daily trading data,A_OFFICIAL_EXCHANGE,highest_open_interest_then_volume,https://www.shfe.com.cn/data/tradedata/future/dailydata/kx20250707.dat
2025-07-08,SHFE,Zinc,zn2508,22070.0,22115.0,21865.0,22050.0,22005.0,158517,118874,-7658,False,CNY,CNY/tonne,SHFE official daily trading data,A_OFFICIAL_EXCHANGE,highest_open_interest_then_volume,https://www.shfe.com.cn/data/tradedata/future/dailydata/kx20250708.dat
2025-07-09,SHFE,Zinc,zn2508,22175.0,22175.0,21980.0,22120.0,22080.0,154513,114762,-4112,False,CNY,CNY/tonne,SHFE official daily trading data,A_OFFICIAL_EXCHANGE,highest_open_interest_then_volume,https://www.shfe.com.cn/data/tradedata/future/dailydata/kx20250709.dat
2025-07-10,SHFE,Zinc,zn2508,22120.0,22430.0,22110.0,22385.0,22285.0,146456,112634,-2128,False,CNY,CNY/tonne,SHFE official daily trading data,A_OFFICIAL_EXCHANGE,highest_open_interest_then_volume,https://www.shfe.com.cn/data/tradedata/future/dailydata/kx20250710.dat
2025-07-11,SHFE,Zinc,zn2508,22390.0,22475.0,22330.0,22380.0,22400.0,129357,107632,-5002,False,CNY,CNY/tonne,SHFE official daily trading data,A_OFFICIAL_EXCHANGE,highest_open_interest_then_volume,https://www.shfe.com.cn/data/tradedata/future/dailydata/kx20250711.dat
2025-07-14,SHFE,Zinc,zn2509,22205.0,22245.0,22125.0,22235.0,22185.0,72160,95037,-1487,True,CNY,CNY/tonne,SHFE official daily trading data,A_OFFICIAL_EXCHANGE,highest_open_interest_then_volume,https://www.shfe.com.cn/data/tradedata/future/dailydata/kx20250714.dat
2025-07-15,SHFE,Zinc,zn2509,22100.0,22185.0,22040.0,22070.0,22105.0,78112,100438,5401,False,CNY,CNY/tonne,SHFE official daily trading data,A_OFFICIAL_EXCHANGE,highest_open_interest_then_volume,https://www.shfe.com.cn/data/tradedata/future/dailydata/kx20250715.dat
2025-07-16,SHFE,Zinc,zn2509,22030.0,22050.0,21955.0,22030.0,22000.0,75299,101973,1535,False,CNY,CNY/tonne,SHFE official daily trading data,A_OFFICIAL_EXCHANGE,highest_open_interest_then_volume,https://www.shfe.com.cn/data/tradedata/future/dailydata/kx20250716.dat
2025-07-17,SHFE,Zinc,zn2509,21990.0,22160.0,21955.0,22120.0,22060.0,96404,104498,2525,False,CNY,CNY/tonne,SHFE official daily trading data,A_OFFICIAL_EXCHANGE,highest_open_interest_then_volume,https://www.shfe.com.cn/data/tradedata/future/dailydata/kx20250717.dat
2025-07-18,SHFE,Zinc,zn2509,22175.0,22375.0,22130.0,22295.0,22300.0,151066,115968,11470,False,CNY,CNY/tonne,SHFE official daily trading data,A_OFFICIAL_EXCHANGE,highest_open_interest_then_volume,https://www.shfe.com.cn/data/tradedata/future/dailydata/kx20250718.dat
2025-07-21,SHFE,Zinc,zn2509,22420.0,22945.0,22415.0,22925.0,22785.0,251405,133314,17346,False,CNY,CNY/tonne,SHFE official daily trading data,A_OFFICIAL_EXCHANGE,highest_open_interest_then_volume,https://www.shfe.com.cn/data/tradedata/future/dailydata/kx20250721.dat
2025-07-22,SHFE,Zinc,zn2509,22880.0,22985.0,22760.0,22945.0,22860.0,184578,134060,746,False,CNY,CNY/tonne,SHFE official daily trading data,A_OFFICIAL_EXCHANGE,highest_open_interest_then_volume,https://www.shfe.com.cn/data/tradedata/future/dailydata/kx20250722.dat
2025-07-23,SHFE,Zinc,zn2509,22850.0,23020.0,22815.0,22975.0,22905.0,173574,137891,3831,False,CNY,CNY/tonne,SHFE official daily trading data,A_OFFICIAL_EXCHANGE,highest_open_interest_then_volume,https://www.shfe.com.cn/data/tradedata/future/dailydata/kx20250723.dat
2025-07-24,SHFE,Zinc,zn2509,23000.0,23070.0,22905.0,23015.0,22980.0,152003,134935,-2956,False,CNY,CNY/tonne,SHFE official daily trading data,A_OFFICIAL_EXCHANGE,highest_open_interest_then_volume,https://www.shfe.com.cn/data/tradedata/future/dailydata/kx20250724.dat
2025-07-25,SHFE,Zinc,zn2509,22925.0,22935.0,22755.0,22885.0,22845.0,152086,129228,-5707,False,CNY,CNY/tonne,SHFE official daily trading data,A_OFFICIAL_EXCHANGE,highest_open_interest_then_volume,https://www.shfe.com.cn/data/tradedata/future/dailydata/kx20250725.dat
2025-07-28,SHFE,Zinc,zn2509,22905.0,22965.0,22575.0,22645.0,22735.0,193107,124461,-4767,False,CNY,CNY/tonne,SHFE official daily trading data,A_OFFICIAL_EXCHANGE,highest_open_interest_then_volume,https://www.shfe.com.cn/data/tradedata/future/dailydata/kx20250728.dat
2025-07-29,SHFE,Zinc,zn2509,22645.0,22725.0,22580.0,22655.0,22660.0,127217,117616,-6845,False,CNY,CNY/tonne,SHFE official daily trading data,A_OFFICIAL_EXCHANGE,highest_open_interest_then_volume,https://www.shfe.com.cn/data/tradedata/future/dailydata/kx20250729.dat
2025-07-30,SHFE,Zinc,zn2509,22640.0,22770.0,22610.0,22670.0,22690.0,141408,116245,-1371,False,CNY,CNY/tonne,SHFE official daily trading data,A_OFFICIAL_EXCHANGE,highest_open_interest_then_volume,https://www.shfe.com.cn/data/tradedata/future/dailydata/kx20250730.dat
2025-07-31,SHFE,Zinc,zn2509,22625.0,22685.0,22295.0,22345.0,22440.0,182660,110481,-5764,False,CNY,CNY/tonne,SHFE official daily trading data,A_OFFICIAL_EXCHANGE,highest_open_interest_then_volume,https://www.shfe.com.cn/data/tradedata/future/dailydata/kx20250731.dat
2025-08-01,SHFE,Zinc,zn2509,22300.0,22425.0,22280.0,22320.0,22345.0,105121,108084,-2397,False,CNY,CNY/tonne,SHFE official daily trading data,A_OFFICIAL_EXCHANGE,highest_open_interest_then_volume,https://www.shfe.com.cn/data/tradedata/future/dailydata/kx20250801.dat
2025-08-04,SHFE,Zinc,zn2509,22225.0,22270.0,22125.0,22255.0,22205.0,115733,102725,-5359,False,CNY,CNY/tonne,SHFE official daily trading data,A_OFFICIAL_EXCHANGE,highest_open_interest_then_volume,https://www.shfe.com.cn/data/tradedata/future/dailydata/kx20250804.dat
2025-08-05,SHFE,Zinc,zn2509,22330.0,22395.0,22250.0,22380.0,22315.0,85449,98472,-4253,False,CNY,CNY/tonne,SHFE official daily trading data,A_OFFICIAL_EXCHANGE,highest_open_interest_then_volume,https://www.shfe.com.cn/data/tradedata/future/dailydata/kx20250805.dat
2025-08-06,SHFE,Zinc,zn2509,22360.0,22415.0,22250.0,22380.0,22330.0,89569,94254,-4218,False,CNY,CNY/tonne,SHFE official daily trading data,A_OFFICIAL_EXCHANGE,highest_open_interest_then_volume,https://www.shfe.com.cn/data/tradedata/future/dailydata/kx20250806.dat
2025-08-07,SHFE,Zinc,zn2509,22480.0,22630.0,22420.0,22580.0,22530.0,131099,96819,2565,False,CNY,CNY/tonne,SHFE official daily trading data,A_OFFICIAL_EXCHANGE,highest_open_interest_then_volume,https://www.shfe.com.cn/data/tradedata/future/dailydata/kx20250807.dat
2025-08-08,SHFE,Zinc,zn2509,22525.0,22565.0,22435.0,22515.0,22505.0,81428,94895,-1924,False,CNY,CNY/tonne,SHFE official daily trading data,A_OFFICIAL_EXCHANGE,highest_open_interest_then_volume,https://www.shfe.com.cn/data/tradedata/future/dailydata/kx20250808.dat
2025-08-11,SHFE,Zinc,zn2509,22485.0,22670.0,22425.0,22590.0,22560.0,87765,93386,-1509,False,CNY,CNY/tonne,SHFE official daily trading data,A_OFFICIAL_EXCHANGE,highest_open_interest_then_volume,https://www.shfe.com.cn/data/tradedata/future/dailydata/kx20250811.dat
2025-08-12,SHFE,Zinc,zn2509,22495.0,22655.0,22450.0,22630.0,22545.0,79971,87488,-5898,False,CNY,CNY/tonne,SHFE official daily trading data,A_OFFICIAL_EXCHANGE,highest_open_interest_then_volume,https://www.shfe.com.cn/data/tradedata/future/dailydata/kx20250812.dat
2025-08-13,SHFE,Zinc,zn2509,22720.0,22775.0,22600.0,22600.0,22670.0,78345,85986,-1502,False,CNY,CNY/tonne,SHFE official daily trading data,A_OFFICIAL_EXCHANGE,highest_open_interest_then_volume,https://www.shfe.com.cn/data/tradedata/future/dailydata/kx20250813.dat
2025-08-14,SHFE,Zinc,zn2510,22640.0,22665.0,22440.0,22495.0,22555.0,59301,83202,1342,True,CNY,CNY/tonne,SHFE official daily trading data,A_OFFICIAL_EXCHANGE,highest_open_interest_then_volume,https://www.shfe.com.cn/data/tradedata/future/dailydata/kx20250814.dat
2025-08-15,SHFE,Zinc,zn2510,22500.0,22600.0,22485.0,22530.0,22545.0,69906,91064,7862,False,CNY,CNY/tonne,SHFE official daily trading data,A_OFFICIAL_EXCHANGE,highest_open_interest_then_volume,https://www.shfe.com.cn/data/tradedata/future/dailydata/kx20250815.dat
2025-08-18,SHFE,Zinc,zn2510,22450.0,22465.0,22320.0,22360.0,22395.0,95738,96755,5691,False,CNY,CNY/tonne,SHFE official daily trading data,A_OFFICIAL_EXCHANGE,highest_open_interest_then_volume,https://www.shfe.com.cn/data/tradedata/future/dailydata/kx20250818.dat
2025-08-19,SHFE,Zinc,zn2510,22320.0,22345.0,22180.0,22205.0,22245.0,110478,105576,8821,False,CNY,CNY/tonne,SHFE official daily trading data,A_OFFICIAL_EXCHANGE,highest_open_interest_then_volume,https://www.shfe.com.cn/data/tradedata/future/dailydata/kx20250819.dat
2025-08-20,SHFE,Zinc,zn2510,22215.0,22275.0,22155.0,22265.0,22210.0,111901,110994,5418,False,CNY,CNY/tonne,SHFE official daily trading data,A_OFFICIAL_EXCHANGE,highest_open_interest_then_volume,https://www.shfe.com.cn/data/tradedata/future/dailydata/kx20250820.dat
2025-08-21,SHFE,Zinc,zn2510,22300.0,22330.0,22230.0,22240.0,22285.0,85851,110426,-568,False,CNY,CNY/tonne,SHFE official daily trading data,A_OFFICIAL_EXCHANGE,highest_open_interest_then_volume,https://www.shfe.com.cn/data/tradedata/future/dailydata/kx20250821.dat
2025-08-22,SHFE,Zinc,zn2510,22215.0,22290.0,22200.0,22275.0,22245.0,88665,107792,-2634,False,CNY,CNY/tonne,SHFE official daily trading data,A_OFFICIAL_EXCHANGE,highest_open_interest_then_volume,https://www.shfe.com.cn/data/tradedata/future/dailydata/kx20250822.dat
2025-08-25,SHFE,Zinc,zn2510,22220.0,22465.0,22200.0,22395.0,22355.0,131380,105259,-2533,False,CNY,CNY/tonne,SHFE official daily trading data,A_OFFICIAL_EXCHANGE,highest_open_interest_then_volume,https://www.shfe.com.cn/data/tradedata/future/dailydata/kx20250825.dat
2025-08-26,SHFE,Zinc,zn2510,22355.0,22395.0,22245.0,22270.0,22305.0,93174,108718,3459,False,CNY,CNY/tonne,SHFE official daily trading data,A_OFFICIAL_EXCHANGE,highest_open_interest_then_volume,https://www.shfe.com.cn/data/tradedata/future/dailydata/kx20250826.dat
2025-08-27,SHFE,Zinc,zn2510,22310.0,22425.0,22290.0,22310.0,22350.0,114993,107827,-891,False,CNY,CNY/tonne,SHFE official daily trading data,A_OFFICIAL_EXCHANGE,highest_open_interest_then_volume,https://www.shfe.com.cn/data/tradedata/future/dailydata/kx20250827.dat
2025-08-28,SHFE,Zinc,zn2510,22210.0,22220.0,22085.0,22170.0,22135.0,156406,114628,6801,False,CNY,CNY/tonne,SHFE official daily trading data,A_OFFICIAL_EXCHANGE,highest_open_interest_then_volume,https://www.shfe.com.cn/data/tradedata/future/dailydata/kx20250828.dat
2025-08-29,SHFE,Zinc,zn2510,22145.0,22180.0,22030.0,22140.0,22095.0,139630,116592,1964,False,CNY,CNY/tonne,SHFE official daily trading data,A_OFFICIAL_EXCHANGE,highest_open_interest_then_volume,https://www.shfe.com.cn/data/tradedata/future/dailydata/kx20250829.dat
2025-09-01,SHFE,Zinc,zn2510,22250.0,22300.0,22125.0,22175.0,22195.0,139706,116185,-407,False,CNY,CNY/tonne,SHFE official daily trading data,A_OFFICIAL_EXCHANGE,highest_open_interest_then_volume,https://www.shfe.com.cn/data/tradedata/future/dailydata/kx20250901.dat
2025-09-02,SHFE,Zinc,zn2510,22175.0,22380.0,22165.0,22325.0,22265.0,125688,107662,-8523,False,CNY,CNY/tonne,SHFE official daily trading data,A_OFFICIAL_EXCHANGE,highest_open_interest_then_volume,https://www.shfe.com.cn/data/tradedata/future/dailydata/kx20250902.dat
2025-09-03,SHFE,Zinc,zn2510,22250.0,22390.0,22230.0,22285.0,22305.0,117964,104733,-2929,False,CNY,CNY/tonne,SHFE official daily trading data,A_OFFICIAL_EXCHANGE,highest_open_interest_then_volume,https://www.shfe.com.cn/data/tradedata/future/dailydata/kx20250903.dat
2025-09-04,SHFE,Zinc,zn2510,22240.0,22325.0,22000.0,22120.0,22135.0,171243,118873,14140,False,CNY,CNY/tonne,SHFE official daily trading data,A_OFFICIAL_EXCHANGE,highest_open_interest_then_volume,https://www.shfe.com.cn/data/tradedata/future/dailydata/kx20250904.dat
2025-09-05,SHFE,Zinc,zn2510,22035.0,22220.0,22035.0,22155.0,22115.0,105676,111310,-7563,False,CNY,CNY/tonne,SHFE official daily trading data,A_OFFICIAL_EXCHANGE,highest_open_interest_then_volume,https://www.shfe.com.cn/data/tradedata/future/dailydata/kx20250905.dat
2025-09-08,SHFE,Zinc,zn2510,22250.0,22350.0,22150.0,22270.0,22245.0,133585,105501,-5809,False,CNY,CNY/tonne,SHFE official daily trading data,A_OFFICIAL_EXCHANGE,highest_open_interest_then_volume,https://www.shfe.com.cn/data/tradedata/future/dailydata/kx20250908.dat
2025-09-09,SHFE,Zinc,zn2510,22245.0,22265.0,22115.0,22125.0,22200.0,100465,108199,2698,False,CNY,CNY/tonne,SHFE official daily trading data,A_OFFICIAL_EXCHANGE,highest_open_interest_then_volume,https://www.shfe.com.cn/data/tradedata/future/dailydata/kx20250909.dat
2025-09-10,SHFE,Zinc,zn2510,22160.0,22245.0,22110.0,22215.0,22170.0,83724,103054,-5145,False,CNY,CNY/tonne,SHFE official daily trading data,A_OFFICIAL_EXCHANGE,highest_open_interest_then_volume,https://www.shfe.com.cn/data/tradedata/future/dailydata/kx20250910.dat
2025-09-11,SHFE,Zinc,zn2510,22205.0,22285.0,22145.0,22250.0,22225.0,93321,100442,-2612,False,CNY,CNY/tonne,SHFE official daily trading data,A_OFFICIAL_EXCHANGE,highest_open_interest_then_volume,https://www.shfe.com.cn/data/tradedata/future/dailydata/kx20250911.dat
2025-09-12,SHFE,Zinc,zn2510,22250.0,22360.0,22180.0,22305.0,22280.0,103603,97697,-2745,False,CNY,CNY/tonne,SHFE official daily trading data,A_OFFICIAL_EXCHANGE,highest_open_interest_then_volume,https://www.shfe.com.cn/data/tradedata/future/dailydata/kx20250912.dat
2025-09-15,SHFE,Zinc,zn2510,22345.0,22365.0,22255.0,22310.0,22305.0,97830,92003,-5694,False,CNY,CNY/tonne,SHFE official daily trading data,A_OFFICIAL_EXCHANGE,highest_open_interest_then_volume,https://www.shfe.com.cn/data/tradedata/future/dailydata/kx20250915.dat
2025-09-16,SHFE,Zinc,zn2511,22285.0,22395.0,22260.0,22265.0,22315.0,57577,87709,4400,True,CNY,CNY/tonne,SHFE official daily trading data,A_OFFICIAL_EXCHANGE,highest_open_interest_then_volume,https://www.shfe.com.cn/data/tradedata/future/dailydata/kx20250916.dat
2025-09-17,SHFE,Zinc,zn2511,22325.0,22370.0,22210.0,22285.0,22285.0,65574,94143,6434,False,CNY,CNY/tonne,SHFE official daily trading data,A_OFFICIAL_EXCHANGE,highest_open_interest_then_volume,https://www.shfe.com.cn/data/tradedata/future/dailydata/kx20250917.dat
2025-09-18,SHFE,Zinc,zn2511,22215.0,22230.0,21965.0,22045.0,22085.0,113236,109570,15427,False,CNY,CNY/tonne,SHFE official daily trading data,A_OFFICIAL_EXCHANGE,highest_open_interest_then_volume,https://www.shfe.com.cn/data/tradedata/future/dailydata/kx20250918.dat
2025-09-19,SHFE,Zinc,zn2511,22045.0,22120.0,22025.0,22040.0,22060.0,93004,123433,13863,False,CNY,CNY/tonne,SHFE official daily trading data,A_OFFICIAL_EXCHANGE,highest_open_interest_then_volume,https://www.shfe.com.cn/data/tradedata/future/dailydata/kx20250919.dat
2025-09-22,SHFE,Zinc,zn2511,21960.0,22095.0,21890.0,22090.0,21995.0,140526,130425,6992,False,CNY,CNY/tonne,SHFE official daily trading data,A_OFFICIAL_EXCHANGE,highest_open_interest_then_volume,https://www.shfe.com.cn/data/tradedata/future/dailydata/kx20250922.dat
2025-09-23,SHFE,Zinc,zn2511,22080.0,22105.0,21820.0,21845.0,21955.0,125331,140372,9947,False,CNY,CNY/tonne,SHFE official daily trading data,A_OFFICIAL_EXCHANGE,highest_open_interest_then_volume,https://www.shfe.com.cn/data/tradedata/future/dailydata/kx20250923.dat
2025-09-24,SHFE,Zinc,zn2511,21895.0,21985.0,21860.0,21860.0,21915.0,109733,141867,1495,False,CNY,CNY/tonne,SHFE official daily trading data,A_OFFICIAL_EXCHANGE,highest_open_interest_then_volume,https://www.shfe.com.cn/data/tradedata/future/dailydata/kx20250924.dat
2025-09-25,SHFE,Zinc,zn2511,21935.0,22060.0,21890.0,22045.0,21965.0,158280,131286,-10581,False,CNY,CNY/tonne,SHFE official daily trading data,A_OFFICIAL_EXCHANGE,highest_open_interest_then_volume,https://www.shfe.com.cn/data/tradedata/future/dailydata/kx20250925.dat
2025-09-26,SHFE,Zinc,zn2511,22045.0,22090.0,21980.0,21980.0,22035.0,126716,126086,-5200,False,CNY,CNY/tonne,SHFE official daily trading data,A_OFFICIAL_EXCHANGE,highest_open_interest_then_volume,https://www.shfe.com.cn/data/tradedata/future/dailydata/kx20250926.dat
2025-09-29,SHFE,Zinc,zn2511,21930.0,21950.0,21665.0,21800.0,21755.0,180545,142400,16314,False,CNY,CNY/tonne,SHFE official daily trading data,A_OFFICIAL_EXCHANGE,highest_open_interest_then_volume,https://www.shfe.com.cn/data/tradedata/future/dailydata/kx20250929.dat
2025-09-30,SHFE,Zinc,zn2511,21890.0,22085.0,21790.0,21825.0,21935.0,162377,127778,-14622,False,CNY,CNY/tonne,SHFE official daily trading data,A_OFFICIAL_EXCHANGE,highest_open_interest_then_volume,https://www.shfe.com.cn/data/tradedata/future/dailydata/kx20250930.dat
2025-10-09,SHFE,Zinc,zn2511,22040.0,22340.0,21950.0,22315.0,22200.0,137234,113253,-14525,False,CNY,CNY/tonne,SHFE official daily trading data,A_OFFICIAL_EXCHANGE,highest_open_interest_then_volume,https://www.shfe.com.cn/data/tradedata/future/dailydata/kx20251009.dat
2025-10-10,SHFE,Zinc,zn2511,22465.0,22515.0,22250.0,22270.0,22385.0,174778,106534,-6719,False,CNY,CNY/tonne,SHFE official daily trading data,A_OFFICIAL_EXCHANGE,highest_open_interest_then_volume,https://www.shfe.com.cn/data/tradedata/future/dailydata/kx20251010.dat
2025-10-13,SHFE,Zinc,zn2511,22450.0,22450.0,22100.0,22255.0,22285.0,177344,101699,-4835,False,CNY,CNY/tonne,SHFE official daily trading data,A_OFFICIAL_EXCHANGE,highest_open_interest_then_volume,https://www.shfe.com.cn/data/tradedata/future/dailydata/kx20251013.dat
2025-10-14,SHFE,Zinc,zn2511,22330.0,22335.0,22210.0,22220.0,22275.0,124307,95194,-6505,False,CNY,CNY/tonne,SHFE official daily trading data,A_OFFICIAL_EXCHANGE,highest_open_interest_then_volume,https://www.shfe.com.cn/data/tradedata/future/dailydata/kx20251014.dat
2025-10-15,SHFE,Zinc,zn2511,22020.0,22070.0,21915.0,22015.0,21995.0,124266,89912,-5282,False,CNY,CNY/tonne,SHFE official daily trading data,A_OFFICIAL_EXCHANGE,highest_open_interest_then_volume,https://www.shfe.com.cn/data/tradedata/future/dailydata/kx20251015.dat
2025-10-16,SHFE,Zinc,zn2512,22105.0,22125.0,21910.0,21965.0,21980.0,79376,92792,13118,True,CNY,CNY/tonne,SHFE official daily trading data,A_OFFICIAL_EXCHANGE,highest_open_interest_then_volume,https://www.shfe.com.cn/data/tradedata/future/dailydata/kx20251016.dat
2025-10-17,SHFE,Zinc,zn2512,21900.0,22035.0,21815.0,21830.0,21925.0,83920,108816,16024,False,CNY,CNY/tonne,SHFE official daily trading data,A_OFFICIAL_EXCHANGE,highest_open_interest_then_volume,https://www.shfe.com.cn/data/tradedata/future/dailydata/kx20251017.dat
2025-10-20,SHFE,Zinc,zn2512,21830.0,21955.0,21830.0,21850.0,21885.0,97686,125172,16356,False,CNY,CNY/tonne,SHFE official daily trading data,A_OFFICIAL_EXCHANGE,highest_open_interest_then_volume,https://www.shfe.com.cn/data/tradedata/future/dailydata/kx20251020.dat
2025-10-21,SHFE,Zinc,zn2512,21915.0,22045.0,21875.0,21970.0,21960.0,108521,130442,5270,False,CNY,CNY/tonne,SHFE official daily trading data,A_OFFICIAL_EXCHANGE,highest_open_interest_then_volume,https://www.shfe.com.cn/data/tradedata/future/dailydata/kx20251021.dat
2025-10-22,SHFE,Zinc,zn2512,22010.0,22030.0,21930.0,22000.0,21990.0,102274,132692,2250,False,CNY,CNY/tonne,SHFE official daily trading data,A_OFFICIAL_EXCHANGE,highest_open_interest_then_volume,https://www.shfe.com.cn/data/tradedata/future/dailydata/kx20251022.dat
2025-10-23,SHFE,Zinc,zn2512,22030.0,22345.0,22025.0,22345.0,22185.0,164360,124740,-7952,False,CNY,CNY/tonne,SHFE official daily trading data,A_OFFICIAL_EXCHANGE,highest_open_interest_then_volume,https://www.shfe.com.cn/data/tradedata/future/dailydata/kx20251023.dat
2025-10-24,SHFE,Zinc,zn2512,22245.0,22375.0,22215.0,22355.0,22290.0,130461,120167,-4573,False,CNY,CNY/tonne,SHFE official daily trading data,A_OFFICIAL_EXCHANGE,highest_open_interest_then_volume,https://www.shfe.com.cn/data/tradedata/future/dailydata/kx20251024.dat
2025-10-27,SHFE,Zinc,zn2512,22250.0,22405.0,22200.0,22365.0,22305.0,120077,121184,1017,False,CNY,CNY/tonne,SHFE official daily trading data,A_OFFICIAL_EXCHANGE,highest_open_interest_then_volume,https://www.shfe.com.cn/data/tradedata/future/dailydata/kx20251027.dat
2025-10-28,SHFE,Zinc,zn2512,22400.0,22440.0,22290.0,22310.0,22370.0,128753,120693,-491,False,CNY,CNY/tonne,SHFE official daily trading data,A_OFFICIAL_EXCHANGE,highest_open_interest_then_volume,https://www.shfe.com.cn/data/tradedata/future/dailydata/kx20251028.dat
2025-10-29,SHFE,Zinc,zn2512,22355.0,22455.0,22320.0,22430.0,22395.0,114143,118849,-1844,False,CNY,CNY/tonne,SHFE official daily trading data,A_OFFICIAL_EXCHANGE,highest_open_interest_then_volume,https://www.shfe.com.cn/data/tradedata/future/dailydata/kx20251029.dat
2025-10-30,SHFE,Zinc,zn2512,22490.0,22540.0,22325.0,22365.0,22420.0,111090,119758,909,False,CNY,CNY/tonne,SHFE official daily trading data,A_OFFICIAL_EXCHANGE,highest_open_interest_then_volume,https://www.shfe.com.cn/data/tradedata/future/dailydata/kx20251030.dat
2025-10-31,SHFE,Zinc,zn2512,22280.0,22415.0,22235.0,22355.0,22350.0,93564,116409,-3349,False,CNY,CNY/tonne,SHFE official daily trading data,A_OFFICIAL_EXCHANGE,highest_open_interest_then_volume,https://www.shfe.com.cn/data/tradedata/future/dailydata/kx20251031.dat
2025-11-03,SHFE,Zinc,zn2512,22425.0,22610.0,22400.0,22565.0,22485.0,140709,118939,2530,False,CNY,CNY/tonne,SHFE official daily trading data,A_OFFICIAL_EXCHANGE,highest_open_interest_then_volume,https://www.shfe.com.cn/data/tradedata/future/dailydata/kx20251103.dat
2025-11-04,SHFE,Zinc,zn2512,22610.0,22840.0,22595.0,22670.0,22685.0,150552,116923,-2016,False,CNY,CNY/tonne,SHFE official daily trading data,A_OFFICIAL_EXCHANGE,highest_open_interest_then_volume,https://www.shfe.com.cn/data/tradedata/future/dailydata/kx20251104.dat
2025-11-05,SHFE,Zinc,zn2512,22605.0,22685.0,22505.0,22650.0,22610.0,100837,112477,-4446,False,CNY,CNY/tonne,SHFE official daily trading data,A_OFFICIAL_EXCHANGE,highest_open_interest_then_volume,https://www.shfe.com.cn/data/tradedata/future/dailydata/kx20251105.dat
2025-11-06,SHFE,Zinc,zn2512,22605.0,22685.0,22535.0,22675.0,22595.0,100028,113005,528,False,CNY,CNY/tonne,SHFE official daily trading data,A_OFFICIAL_EXCHANGE,highest_open_interest_then_volume,https://www.shfe.com.cn/data/tradedata/future/dailydata/kx20251106.dat
2025-11-07,SHFE,Zinc,zn2512,22725.0,22750.0,22615.0,22720.0,22685.0,87261,112510,-495,False,CNY,CNY/tonne,SHFE official daily trading data,A_OFFICIAL_EXCHANGE,highest_open_interest_then_volume,https://www.shfe.com.cn/data/tradedata/future/dailydata/kx20251107.dat
2025-11-10,SHFE,Zinc,zn2512,22720.0,22735.0,22530.0,22670.0,22615.0,104875,110752,-1758,False,CNY,CNY/tonne,SHFE official daily trading data,A_OFFICIAL_EXCHANGE,highest_open_interest_then_volume,https://www.shfe.com.cn/data/tradedata/future/dailydata/kx20251110.dat
2025-11-11,SHFE,Zinc,zn2512,22770.0,22810.0,22630.0,22675.0,22720.0,81702,107475,-3277,False,CNY,CNY/tonne,SHFE official daily trading data,A_OFFICIAL_EXCHANGE,highest_open_interest_then_volume,https://www.shfe.com.cn/data/tradedata/future/dailydata/kx20251111.dat
2025-11-12,SHFE,Zinc,zn2512,22565.0,22695.0,22565.0,22680.0,22640.0,71426,105905,-1570,False,CNY,CNY/tonne,SHFE official daily trading data,A_OFFICIAL_EXCHANGE,highest_open_interest_then_volume,https://www.shfe.com.cn/data/tradedata/future/dailydata/kx20251112.dat
2025-11-13,SHFE,Zinc,zn2512,22630.0,22760.0,22550.0,22740.0,22655.0,97686,102938,-2967,False,CNY,CNY/tonne,SHFE official daily trading data,A_OFFICIAL_EXCHANGE,highest_open_interest_then_volume,https://www.shfe.com.cn/data/tradedata/future/dailydata/kx20251113.dat
2025-11-14,SHFE,Zinc,zn2512,22700.0,22725.0,22415.0,22425.0,22540.0,123632,100153,-2785,False,CNY,CNY/tonne,SHFE official daily trading data,A_OFFICIAL_EXCHANGE,highest_open_interest_then_volume,https://www.shfe.com.cn/data/tradedata/future/dailydata/kx20251114.dat
2025-11-17,SHFE,Zinc,zn2512,22460.0,22495.0,22385.0,22465.0,22440.0,94668,91450,-8703,False,CNY,CNY/tonne,SHFE official daily trading data,A_OFFICIAL_EXCHANGE,highest_open_interest_then_volume,https://www.shfe.com.cn/data/tradedata/future/dailydata/kx20251117.dat
2025-11-18,SHFE,Zinc,zn2601,22495.0,22495.0,22295.0,22330.0,22370.0,56333,82373,4042,True,CNY,CNY/tonne,SHFE official daily trading data,A_OFFICIAL_EXCHANGE,highest_open_interest_then_volume,https://www.shfe.com.cn/data/tradedata/future/dailydata/kx20251118.dat
2025-11-19,SHFE,Zinc,zn2601,22325.0,22480.0,22325.0,22435.0,22415.0,64454,86880,4507,False,CNY,CNY/tonne,SHFE official daily trading data,A_OFFICIAL_EXCHANGE,highest_open_interest_then_volume,https://www.shfe.com.cn/data/tradedata/future/dailydata/kx20251119.dat
2025-11-20,SHFE,Zinc,zn2601,22495.0,22500.0,22380.0,22385.0,22420.0,48772,88862,1982,False,CNY,CNY/tonne,SHFE official daily trading data,A_OFFICIAL_EXCHANGE,highest_open_interest_then_volume,https://www.shfe.com.cn/data/tradedata/future/dailydata/kx20251120.dat
2025-11-21,SHFE,Zinc,zn2601,22490.0,22600.0,22370.0,22390.0,22485.0,90775,91878,3016,False,CNY,CNY/tonne,SHFE official daily trading data,A_OFFICIAL_EXCHANGE,highest_open_interest_then_volume,https://www.shfe.com.cn/data/tradedata/future/dailydata/kx20251121.dat
2025-11-24,SHFE,Zinc,zn2601,22390.0,22445.0,22245.0,22390.0,22350.0,104516,96310,4432,False,CNY,CNY/tonne,SHFE official daily trading data,A_OFFICIAL_EXCHANGE,highest_open_interest_then_volume,https://www.shfe.com.cn/data/tradedata/future/dailydata/kx20251124.dat
2025-11-25,SHFE,Zinc,zn2601,22335.0,22420.0,22275.0,22360.0,22345.0,84904,99591,3281,False,CNY,CNY/tonne,SHFE official daily trading data,A_OFFICIAL_EXCHANGE,highest_open_interest_then_volume,https://www.shfe.com.cn/data/tradedata/future/dailydata/kx20251125.dat
2025-11-26,SHFE,Zinc,zn2601,22340.0,22425.0,22280.0,22355.0,22360.0,96212,100730,1139,False,CNY,CNY/tonne,SHFE official daily trading data,A_OFFICIAL_EXCHANGE,highest_open_interest_then_volume,https://www.shfe.com.cn/data/tradedata/future/dailydata/kx20251126.dat
2025-11-27,SHFE,Zinc,zn2601,22480.0,22565.0,22410.0,22415.0,22475.0,114645,101749,1019,False,CNY,CNY/tonne,SHFE official daily trading data,A_OFFICIAL_EXCHANGE,highest_open_interest_then_volume,https://www.shfe.com.cn/data/tradedata/future/dailydata/kx20251127.dat
2025-11-28,SHFE,Zinc,zn2601,22370.0,22430.0,22300.0,22425.0,22355.0,94156,101542,-207,False,CNY,CNY/tonne,SHFE official daily trading data,A_OFFICIAL_EXCHANGE,highest_open_interest_then_volume,https://www.shfe.com.cn/data/tradedata/future/dailydata/kx20251128.dat
2025-12-01,SHFE,Zinc,zn2601,22450.0,22620.0,22380.0,22590.0,22520.0,128295,105756,4214,False,CNY,CNY/tonne,SHFE official daily trading data,A_OFFICIAL_EXCHANGE,highest_open_interest_then_volume,https://www.shfe.com.cn/data/tradedata/future/dailydata/kx20251201.dat
2025-12-02,SHFE,Zinc,zn2601,22650.0,22765.0,22640.0,22745.0,22705.0,122766,106325,569,False,CNY,CNY/tonne,SHFE official daily trading data,A_OFFICIAL_EXCHANGE,highest_open_interest_then_volume,https://www.shfe.com.cn/data/tradedata/future/dailydata/kx20251202.dat
2025-12-03,SHFE,Zinc,zn2601,22745.0,22800.0,22695.0,22755.0,22740.0,106416,104585,-1740,False,CNY,CNY/tonne,SHFE official daily trading data,A_OFFICIAL_EXCHANGE,highest_open_interest_then_volume,https://www.shfe.com.cn/data/tradedata/future/dailydata/kx20251203.dat
2025-12-04,SHFE,Zinc,zn2601,22710.0,23000.0,22650.0,22865.0,22840.0,164347,105684,1099,False,CNY,CNY/tonne,SHFE official daily trading data,A_OFFICIAL_EXCHANGE,highest_open_interest_then_volume,https://www.shfe.com.cn/data/tradedata/future/dailydata/kx20251204.dat
2025-12-05,SHFE,Zinc,zn2601,22835.0,23305.0,22815.0,23305.0,23060.0,163149,107552,1868,False,CNY,CNY/tonne,SHFE official daily trading data,A_OFFICIAL_EXCHANGE,highest_open_interest_then_volume,https://www.shfe.com.cn/data/tradedata/future/dailydata/kx20251205.dat
2025-12-08,SHFE,Zinc,zn2601,23190.0,23335.0,22965.0,23285.0,23110.0,180254,108666,1114,False,CNY,CNY/tonne,SHFE official daily trading data,A_OFFICIAL_EXCHANGE,highest_open_interest_then_volume,https://www.shfe.com.cn/data/tradedata/future/dailydata/kx20251208.dat
2025-12-09,SHFE,Zinc,zn2601,23250.0,23255.0,23005.0,23070.0,23135.0,129703,101254,-7412,False,CNY,CNY/tonne,SHFE official daily trading data,A_OFFICIAL_EXCHANGE,highest_open_interest_then_volume,https://www.shfe.com.cn/data/tradedata/future/dailydata/kx20251209.dat
2025-12-10,SHFE,Zinc,zn2601,23120.0,23210.0,22970.0,23075.0,23065.0,118200,93179,-8075,False,CNY,CNY/tonne,SHFE official daily trading data,A_OFFICIAL_EXCHANGE,highest_open_interest_then_volume,https://www.shfe.com.cn/data/tradedata/future/dailydata/kx20251210.dat
2025-12-11,SHFE,Zinc,zn2601,23050.0,23095.0,22920.0,22995.0,23000.0,93062,88499,-4680,False,CNY,CNY/tonne,SHFE official daily trading data,A_OFFICIAL_EXCHANGE,highest_open_interest_then_volume,https://www.shfe.com.cn/data/tradedata/future/dailydata/kx20251211.dat
2025-12-12,SHFE,Zinc,zn2601,23210.0,23730.0,23210.0,23605.0,23515.0,189030,91374,2875,False,CNY,CNY/tonne,SHFE official daily trading data,A_OFFICIAL_EXCHANGE,highest_open_interest_then_volume,https://www.shfe.com.cn/data/tradedata/future/dailydata/kx20251212.dat
2025-12-15,SHFE,Zinc,zn2601,23480.0,23600.0,23205.0,23430.0,23410.0,168578,83302,-8072,False,CNY,CNY/tonne,SHFE official daily trading data,A_OFFICIAL_EXCHANGE,highest_open_interest_then_volume,https://www.shfe.com.cn/data/tradedata/future/dailydata/kx20251215.dat
2025-12-16,SHFE,Zinc,zn2602,23385.0,23385.0,22945.0,23045.0,23155.0,104803,83156,1054,True,CNY,CNY/tonne,SHFE official daily trading data,A_OFFICIAL_EXCHANGE,highest_open_interest_then_volume,https://www.shfe.com.cn/data/tradedata/future/dailydata/kx20251216.dat
2025-12-17,SHFE,Zinc,zn2602,23005.0,23025.0,22850.0,22975.0,22925.0,103865,80774,-2382,False,CNY,CNY/tonne,SHFE official daily trading data,A_OFFICIAL_EXCHANGE,highest_open_interest_then_volume,https://www.shfe.com.cn/data/tradedata/future/dailydata/kx20251217.dat
2025-12-18,SHFE,Zinc,zn2602,23030.0,23125.0,22975.0,23035.0,23035.0,86320,83725,2951,False,CNY,CNY/tonne,SHFE official daily trading data,A_OFFICIAL_EXCHANGE,highest_open_interest_then_volume,https://www.shfe.com.cn/data/tradedata/future/dailydata/kx20251218.dat
2025-12-19,SHFE,Zinc,zn2602,22985.0,23090.0,22935.0,23075.0,23020.0,88361,86365,2640,False,CNY,CNY/tonne,SHFE official daily trading data,A_OFFICIAL_EXCHANGE,highest_open_interest_then_volume,https://www.shfe.com.cn/data/tradedata/future/dailydata/kx20251219.dat
2025-12-22,SHFE,Zinc,zn2602,23075.0,23150.0,22980.0,23115.0,23075.0,134424,90612,4247,False,CNY,CNY/tonne,SHFE official daily trading data,A_OFFICIAL_EXCHANGE,highest_open_interest_then_volume,https://www.shfe.com.cn/data/tradedata/future/dailydata/kx20251222.dat
2025-12-23,SHFE,Zinc,zn2602,23030.0,23100.0,22940.0,23090.0,23015.0,133845,93107,2495,False,CNY,CNY/tonne,SHFE official daily trading data,A_OFFICIAL_EXCHANGE,highest_open_interest_then_volume,https://www.shfe.com.cn/data/tradedata/future/dailydata/kx20251223.dat
2025-12-24,SHFE,Zinc,zn2602,23290.0,23320.0,23045.0,23230.0,23195.0,171518,95197,2090,False,CNY,CNY/tonne,SHFE official daily trading data,A_OFFICIAL_EXCHANGE,highest_open_interest_then_volume,https://www.shfe.com.cn/data/tradedata/future/dailydata/kx20251224.dat
2025-12-25,SHFE,Zinc,zn2602,23085.0,23095.0,22910.0,23065.0,23005.0,125213,93322,-1875,False,CNY,CNY/tonne,SHFE official daily trading data,A_OFFICIAL_EXCHANGE,highest_open_interest_then_volume,https://www.shfe.com.cn/data/tradedata/future/dailydata/kx20251225.dat
2025-12-26,SHFE,Zinc,zn2602,23055.0,23250.0,23005.0,23170.0,23130.0,145708,97425,4103,False,CNY,CNY/tonne,SHFE official daily trading data,A_OFFICIAL_EXCHANGE,highest_open_interest_then_volume,https://www.shfe.com.cn/data/tradedata/future/dailydata/kx20251226.dat
2025-12-29,SHFE,Zinc,zn2602,23105.0,23470.0,23000.0,23255.0,23225.0,242907,93687,-3738,False,CNY,CNY/tonne,SHFE official daily trading data,A_OFFICIAL_EXCHANGE,highest_open_interest_then_volume,https://www.shfe.com.cn/data/tradedata/future/dailydata/kx20251229.dat
2025-12-30,SHFE,Zinc,zn2602,23180.0,23435.0,23130.0,23380.0,23260.0,148502,93470,-217,False,CNY,CNY/tonne,SHFE official daily trading data,A_OFFICIAL_EXCHANGE,highest_open_interest_then_volume,https://www.shfe.com.cn/data/tradedata/future/dailydata/kx20251230.dat
2025-12-31,SHFE,Zinc,zn2602,23360.0,23455.0,23150.0,23275.0,23295.0,154943,86579,-6891,False,CNY,CNY/tonne,SHFE official daily trading data,A_OFFICIAL_EXCHANGE,highest_open_interest_then_volume,https://www.shfe.com.cn/data/tradedata/future/dailydata/kx20251231.dat
2026-01-05,SHFE,Zinc,zn2602,23435.0,23930.0,23400.0,23820.0,23755.0,141147,89942,3363,False,CNY,CNY/tonne,SHFE official daily trading data,A_OFFICIAL_EXCHANGE,highest_open_interest_then_volume,https://www.shfe.com.cn/data/tradedata/future/dailydata/kx20260105.dat
2026-01-06,SHFE,Zinc,zn2602,23775.0,24420.0,23775.0,24295.0,24135.0,177175,96459,6517,False,CNY,CNY/tonne,SHFE official daily trading data,A_OFFICIAL_EXCHANGE,highest_open_interest_then_volume,https://www.shfe.com.cn/data/tradedata/future/dailydata/kx20260106.dat
2026-01-07,SHFE,Zinc,zn2602,24300.0,24515.0,24145.0,24330.0,24305.0,187735,91603,-4856,False,CNY,CNY/tonne,SHFE official daily trading data,A_OFFICIAL_EXCHANGE,highest_open_interest_then_volume,https://www.shfe.com.cn/data/tradedata/future/dailydata/kx20260107.dat
2026-01-08,SHFE,Zinc,zn2603,24225.0,24275.0,23880.0,24010.0,24090.0,98557,89228,-150,True,CNY,CNY/tonne,SHFE official daily trading data,A_OFFICIAL_EXCHANGE,highest_open_interest_then_volume,https://www.shfe.com.cn/data/tradedata/future/dailydata/kx20260108.dat
2026-01-09,SHFE,Zinc,zn2603,23950.0,24095.0,23790.0,24015.0,23920.0,103698,94510,5282,False,CNY,CNY/tonne,SHFE official daily trading data,A_OFFICIAL_EXCHANGE,highest_open_interest_then_volume,https://www.shfe.com.cn/data/tradedata/future/dailydata/kx20260109.dat
2026-01-12,SHFE,Zinc,zn2603,24045.0,24180.0,23915.0,24175.0,24070.0,97940,101478,6968,False,CNY,CNY/tonne,SHFE official daily trading data,A_OFFICIAL_EXCHANGE,highest_open_interest_then_volume,https://www.shfe.com.cn/data/tradedata/future/dailydata/kx20260112.dat
2026-01-13,SHFE,Zinc,zn2603,24290.0,24785.0,24060.0,24280.0,24350.0,188273,111306,9828,False,CNY,CNY/tonne,SHFE official daily trading data,A_OFFICIAL_EXCHANGE,highest_open_interest_then_volume,https://www.shfe.com.cn/data/tradedata/future/dailydata/kx20260113.dat
2026-01-14,SHFE,Zinc,zn2603,24560.0,24855.0,24370.0,24475.0,24590.0,243101,120299,8993,False,CNY,CNY/tonne,SHFE official daily trading data,A_OFFICIAL_EXCHANGE,highest_open_interest_then_volume,https://www.shfe.com.cn/data/tradedata/future/dailydata/kx20260114.dat
2026-01-15,SHFE,Zinc,zn2603,24740.0,25650.0,24475.0,25090.0,25025.0,502358,142972,22673,False,CNY,CNY/tonne,SHFE official daily trading data,A_OFFICIAL_EXCHANGE,highest_open_interest_then_volume,https://www.shfe.com.cn/data/tradedata/future/dailydata/kx20260115.dat
2026-01-16,SHFE,Zinc,zn2603,25120.0,25255.0,24660.0,24750.0,24925.0,368615,142274,-698,False,CNY,CNY/tonne,SHFE official daily trading data,A_OFFICIAL_EXCHANGE,highest_open_interest_then_volume,https://www.shfe.com.cn/data/tradedata/future/dailydata/kx20260116.dat
2026-01-19,SHFE,Zinc,zn2603,24560.0,24600.0,24335.0,24450.0,24450.0,224507,128677,-13597,False,CNY,CNY/tonne,SHFE official daily trading data,A_OFFICIAL_EXCHANGE,highest_open_interest_then_volume,https://www.shfe.com.cn/data/tradedata/future/dailydata/kx20260119.dat
2026-01-20,SHFE,Zinc,zn2603,24370.0,24515.0,24275.0,24410.0,24400.0,143056,125893,-2784,False,CNY,CNY/tonne,SHFE official daily trading data,A_OFFICIAL_EXCHANGE,highest_open_interest_then_volume,https://www.shfe.com.cn/data/tradedata/future/dailydata/kx20260120.dat
2026-01-21,SHFE,Zinc,zn2603,24300.0,24390.0,24070.0,24350.0,24195.0,146086,121693,-4200,False,CNY,CNY/tonne,SHFE official daily trading data,A_OFFICIAL_EXCHANGE,highest_open_interest_then_volume,https://www.shfe.com.cn/data/tradedata/future/dailydata/kx20260121.dat
2026-01-22,SHFE,Zinc,zn2603,24350.0,24485.0,24225.0,24400.0,24350.0,131273,118558,-3135,False,CNY,CNY/tonne,SHFE official daily trading data,A_OFFICIAL_EXCHANGE,highest_open_interest_then_volume,https://www.shfe.com.cn/data/tradedata/future/dailydata/kx20260122.dat
2026-01-23,SHFE,Zinc,zn2603,24350.0,24755.0,24335.0,24585.0,24565.0,173287,120175,1617,False,CNY,CNY/tonne,SHFE official daily trading data,A_OFFICIAL_EXCHANGE,highest_open_interest_then_volume,https://www.shfe.com.cn/data/tradedata/future/dailydata/kx20260123.dat
2026-01-26,SHFE,Zinc,zn2603,24715.0,24880.0,24635.0,24725.0,24760.0,207921,121627,1452,False,CNY,CNY/tonne,SHFE official daily trading data,A_OFFICIAL_EXCHANGE,highest_open_interest_then_volume,https://www.shfe.com.cn/data/tradedata/future/dailydata/kx20260126.dat
2026-01-27,SHFE,Zinc,zn2603,25280.0,25280.0,24710.0,24950.0,25000.0,255674,118946,-2681,False,CNY,CNY/tonne,SHFE official daily trading data,A_OFFICIAL_EXCHANGE,highest_open_interest_then_volume,https://www.shfe.com.cn/data/tradedata/future/dailydata/kx20260127.dat
2026-01-28,SHFE,Zinc,zn2603,24920.0,25645.0,24820.0,25605.0,25215.0,284497,118199,-747,False,CNY,CNY/tonne,SHFE official daily trading data,A_OFFICIAL_EXCHANGE,highest_open_interest_then_volume,https://www.shfe.com.cn/data/tradedata/future/dailydata/kx20260128.dat
2026-01-29,SHFE,Zinc,zn2603,25450.0,26300.0,25260.0,25950.0,25670.0,329041,114501,-3698,False,CNY,CNY/tonne,SHFE official daily trading data,A_OFFICIAL_EXCHANGE,highest_open_interest_then_volume,https://www.shfe.com.cn/data/tradedata/future/dailydata/kx20260129.dat
2026-01-30,SHFE,Zinc,zn2603,26200.0,26985.0,25625.0,25835.0,26320.0,501463,105539,-8962,False,CNY,CNY/tonne,SHFE official daily trading data,A_OFFICIAL_EXCHANGE,highest_open_interest_then_volume,https://www.shfe.com.cn/data/tradedata/future/dailydata/kx20260130.dat
2026-02-02,SHFE,Zinc,zn2603,25735.0,25905.0,24245.0,24515.0,25160.0,446017,91209,-14330,False,CNY,CNY/tonne,SHFE official daily trading data,A_OFFICIAL_EXCHANGE,highest_open_interest_then_volume,https://www.shfe.com.cn/data/tradedata/future/dailydata/kx20260202.dat
2026-02-03,SHFE,Zinc,zn2603,24975.0,25240.0,24615.0,24960.0,24905.0,315836,82293,-8916,False,CNY,CNY/tonne,SHFE official daily trading data,A_OFFICIAL_EXCHANGE,highest_open_interest_then_volume,https://www.shfe.com.cn/data/tradedata/future/dailydata/kx20260203.dat
2026-02-04,SHFE,Zinc,zn2603,24800.0,25010.0,24720.0,24885.0,24835.0,208461,79219,-3074,False,CNY,CNY/tonne,SHFE official daily trading data,A_OFFICIAL_EXCHANGE,highest_open_interest_then_volume,https://www.shfe.com.cn/data/tradedata/future/dailydata/kx20260204.dat
2026-02-05,SHFE,Zinc,zn2604,24880.0,25020.0,24440.0,24450.0,24745.0,71787,74280,1596,True,CNY,CNY/tonne,SHFE official daily trading data,A_OFFICIAL_EXCHANGE,highest_open_interest_then_volume,https://www.shfe.com.cn/data/tradedata/future/dailydata/kx20260205.dat
2026-02-06,SHFE,Zinc,zn2604,24420.0,24655.0,24240.0,24490.0,24525.0,61428,75086,806,False,CNY,CNY/tonne,SHFE official daily trading data,A_OFFICIAL_EXCHANGE,highest_open_interest_then_volume,https://www.shfe.com.cn/data/tradedata/future/dailydata/kx20260206.dat
2026-02-09,SHFE,Zinc,zn2604,24575.0,24755.0,24450.0,24565.0,24620.0,58354,77738,2652,False,CNY,CNY/tonne,SHFE official daily trading data,A_OFFICIAL_EXCHANGE,highest_open_interest_then_volume,https://www.shfe.com.cn/data/tradedata/future/dailydata/kx20260209.dat
2026-02-10,SHFE,Zinc,zn2604,24545.0,24590.0,24370.0,24505.0,24480.0,42807,78739,1001,False,CNY,CNY/tonne,SHFE official daily trading data,A_OFFICIAL_EXCHANGE,highest_open_interest_then_volume,https://www.shfe.com.cn/data/tradedata/future/dailydata/kx20260210.dat
2026-02-11,SHFE,Zinc,zn2604,24410.0,24715.0,24370.0,24640.0,24545.0,42879,78869,130,False,CNY,CNY/tonne,SHFE official daily trading data,A_OFFICIAL_EXCHANGE,highest_open_interest_then_volume,https://www.shfe.com.cn/data/tradedata/future/dailydata/kx20260211.dat
2026-02-12,SHFE,Zinc,zn2604,24780.0,24815.0,24480.0,24670.0,24655.0,63473,82084,3215,False,CNY,CNY/tonne,SHFE official daily trading data,A_OFFICIAL_EXCHANGE,highest_open_interest_then_volume,https://www.shfe.com.cn/data/tradedata/future/dailydata/kx20260212.dat
2026-02-13,SHFE,Zinc,zn2604,24725.0,24765.0,24210.0,24250.0,24485.0,67443,77008,-5076,False,CNY,CNY/tonne,SHFE official daily trading data,A_OFFICIAL_EXCHANGE,highest_open_interest_then_volume,https://www.shfe.com.cn/data/tradedata/future/dailydata/kx20260213.dat
2026-02-24,SHFE,Zinc,zn2604,24320.0,24865.0,24320.0,24680.0,24690.0,56353,81447,4439,False,CNY,CNY/tonne,SHFE official daily trading data,A_OFFICIAL_EXCHANGE,highest_open_interest_then_volume,https://www.shfe.com.cn/data/tradedata/future/dailydata/kx20260224.dat
2026-02-25,SHFE,Zinc,zn2604,24585.0,24760.0,24510.0,24710.0,24640.0,84020,89484,8037,False,CNY,CNY/tonne,SHFE official daily trading data,A_OFFICIAL_EXCHANGE,highest_open_interest_then_volume,https://www.shfe.com.cn/data/tradedata/future/dailydata/kx20260225.dat
2026-02-26,SHFE,Zinc,zn2604,24590.0,24715.0,24450.0,24570.0,24580.0,94374,92762,3278,False,CNY,CNY/tonne,SHFE official daily trading data,A_OFFICIAL_EXCHANGE,highest_open_interest_then_volume,https://www.shfe.com.cn/data/tradedata/future/dailydata/kx20260226.dat
2026-02-27,SHFE,Zinc,zn2604,24525.0,24730.0,24470.0,24710.0,24575.0,104548,94874,2112,False,CNY,CNY/tonne,SHFE official daily trading data,A_OFFICIAL_EXCHANGE,highest_open_interest_then_volume,https://www.shfe.com.cn/data/tradedata/future/dailydata/kx20260227.dat
2026-03-02,SHFE,Zinc,zn2604,24540.0,24880.0,24405.0,24850.0,24590.0,186884,95630,756,False,CNY,CNY/tonne,SHFE official daily trading data,A_OFFICIAL_EXCHANGE,highest_open_interest_then_volume,https://www.shfe.com.cn/data/tradedata/future/dailydata/kx20260302.dat
2026-03-03,SHFE,Zinc,zn2604,24890.0,24955.0,24320.0,24370.0,24625.0,186915,95476,-154,False,CNY,CNY/tonne,SHFE official daily trading data,A_OFFICIAL_EXCHANGE,highest_open_interest_then_volume,https://www.shfe.com.cn/data/tradedata/future/dailydata/kx20260303.dat
2026-03-04,SHFE,Zinc,zn2604,24375.0,24630.0,24360.0,24480.0,24505.0,160241,87434,-8042,False,CNY,CNY/tonne,SHFE official daily trading data,A_OFFICIAL_EXCHANGE,highest_open_interest_then_volume,https://www.shfe.com.cn/data/tradedata/future/dailydata/kx20260304.dat
2026-03-05,SHFE,Zinc,zn2604,24580.0,24870.0,24465.0,24520.0,24645.0,153707,82611,-4823,False,CNY,CNY/tonne,SHFE official daily trading data,A_OFFICIAL_EXCHANGE,highest_open_interest_then_volume,https://www.shfe.com.cn/data/tradedata/future/dailydata/kx20260305.dat
2026-03-06,SHFE,Zinc,zn2604,24400.0,24475.0,24035.0,24260.0,24270.0,133335,85316,2705,False,CNY,CNY/tonne,SHFE official daily trading data,A_OFFICIAL_EXCHANGE,highest_open_interest_then_volume,https://www.shfe.com.cn/data/tradedata/future/dailydata/kx20260306.dat
2026-03-09,SHFE,Zinc,zn2604,24350.0,24480.0,24160.0,24420.0,24325.0,161057,80681,-4635,False,CNY,CNY/tonne,SHFE official daily trading data,A_OFFICIAL_EXCHANGE,highest_open_interest_then_volume,https://www.shfe.com.cn/data/tradedata/future/dailydata/kx20260309.dat
2026-03-10,SHFE,Zinc,zn2604,24505.0,24525.0,24300.0,24415.0,24405.0,104691,74747,-5934,False,CNY,CNY/tonne,SHFE official daily trading data,A_OFFICIAL_EXCHANGE,highest_open_interest_then_volume,https://www.shfe.com.cn/data/tradedata/future/dailydata/kx20260310.dat
2026-03-11,SHFE,Zinc,zn2604,24460.0,24500.0,24350.0,24385.0,24420.0,74804,74220,-527,False,CNY,CNY/tonne,SHFE official daily trading data,A_OFFICIAL_EXCHANGE,highest_open_interest_then_volume,https://www.shfe.com.cn/data/tradedata/future/dailydata/kx20260311.dat
2026-03-12,SHFE,Zinc,zn2604,24245.0,24460.0,24095.0,24300.0,24285.0,109003,72726,-1494,False,CNY,CNY/tonne,SHFE official daily trading data,A_OFFICIAL_EXCHANGE,highest_open_interest_then_volume,https://www.shfe.com.cn/data/tradedata/future/dailydata/kx20260312.dat
2026-03-13,SHFE,Zinc,zn2604,24360.0,24390.0,24120.0,24140.0,24220.0,85941,75191,2465,False,CNY,CNY/tonne,SHFE official daily trading data,A_OFFICIAL_EXCHANGE,highest_open_interest_then_volume,https://www.shfe.com.cn/data/tradedata/future/dailydata/kx20260313.dat
2026-03-16,SHFE,Zinc,zn2604,24205.0,24255.0,23835.0,23905.0,24015.0,108986,77317,2126,False,CNY,CNY/tonne,SHFE official daily trading data,A_OFFICIAL_EXCHANGE,highest_open_interest_then_volume,https://www.shfe.com.cn/data/tradedata/future/dailydata/kx20260316.dat
2026-03-17,SHFE,Zinc,zn2605,24030.0,24060.0,23720.0,23730.0,23885.0,60157,80471,6949,True,CNY,CNY/tonne,SHFE official daily trading data,A_OFFICIAL_EXCHANGE,highest_open_interest_then_volume,https://www.shfe.com.cn/data/tradedata/future/dailydata/kx20260317.dat
2026-03-18,SHFE,Zinc,zn2605,23680.0,23685.0,23260.0,23345.0,23435.0,94576,95164,14693,False,CNY,CNY/tonne,SHFE official daily trading data,A_OFFICIAL_EXCHANGE,highest_open_interest_then_volume,https://www.shfe.com.cn/data/tradedata/future/dailydata/kx20260318.dat
2026-03-19,SHFE,Zinc,zn2605,23110.0,23150.0,22640.0,22705.0,22920.0,128770,104612,9448,False,CNY,CNY/tonne,SHFE official daily trading data,A_OFFICIAL_EXCHANGE,highest_open_interest_then_volume,https://www.shfe.com.cn/data/tradedata/future/dailydata/kx20260319.dat
2026-03-20,SHFE,Zinc,zn2605,22350.0,23110.0,22350.0,22935.0,22815.0,159743,106130,1518,False,CNY,CNY/tonne,SHFE official daily trading data,A_OFFICIAL_EXCHANGE,highest_open_interest_then_volume,https://www.shfe.com.cn/data/tradedata/future/dailydata/kx20260320.dat
2026-03-23,SHFE,Zinc,zn2605,23000.0,23025.0,22675.0,22800.0,22795.0,120371,103488,-2642,False,CNY,CNY/tonne,SHFE official daily trading data,A_OFFICIAL_EXCHANGE,highest_open_interest_then_volume,https://www.shfe.com.cn/data/tradedata/future/dailydata/kx20260323.dat
2026-03-24,SHFE,Zinc,zn2605,22960.0,23150.0,22905.0,22975.0,23000.0,133880,101592,-1896,False,CNY,CNY/tonne,SHFE official daily trading data,A_OFFICIAL_EXCHANGE,highest_open_interest_then_volume,https://www.shfe.com.cn/data/tradedata/future/dailydata/kx20260324.dat
2026-03-25,SHFE,Zinc,zn2605,22875.0,23115.0,22830.0,22935.0,22960.0,96768,101745,153,False,CNY,CNY/tonne,SHFE official daily trading data,A_OFFICIAL_EXCHANGE,highest_open_interest_then_volume,https://www.shfe.com.cn/data/tradedata/future/dailydata/kx20260325.dat
2026-03-26,SHFE,Zinc,zn2605,23010.0,23105.0,22865.0,23070.0,22985.0,96062,103163,1418,False,CNY,CNY/tonne,SHFE official daily trading data,A_OFFICIAL_EXCHANGE,highest_open_interest_then_volume,https://www.shfe.com.cn/data/tradedata/future/dailydata/kx20260326.dat
2026-03-27,SHFE,Zinc,zn2605,23100.0,23425.0,23065.0,23380.0,23255.0,131921,102782,-381,False,CNY,CNY/tonne,SHFE official daily trading data,A_OFFICIAL_EXCHANGE,highest_open_interest_then_volume,https://www.shfe.com.cn/data/tradedata/future/dailydata/kx20260327.dat
2026-03-30,SHFE,Zinc,zn2605,23250.0,23575.0,23190.0,23540.0,23420.0,104645,97355,-5427,False,CNY,CNY/tonne,SHFE official daily trading data,A_OFFICIAL_EXCHANGE,highest_open_interest_then_volume,https://www.shfe.com.cn/data/tradedata/future/dailydata/kx20260330.dat
2026-03-31,SHFE,Zinc,zn2605,23625.0,23660.0,23460.0,23480.0,23565.0,97313,91543,-5812,False,CNY,CNY/tonne,SHFE official daily trading data,A_OFFICIAL_EXCHANGE,highest_open_interest_then_volume,https://www.shfe.com.cn/data/tradedata/future/dailydata/kx20260331.dat
2026-04-01,SHFE,Zinc,zn2605,23555.0,23735.0,23515.0,23550.0,23595.0,87777,88931,-2612,False,CNY,CNY/tonne,SHFE official daily trading data,A_OFFICIAL_EXCHANGE,highest_open_interest_then_volume,https://www.shfe.com.cn/data/tradedata/future/dailydata/kx20260401.dat
2026-04-02,SHFE,Zinc,zn2605,23635.0,23935.0,23530.0,23600.0,23735.0,125328,83601,-5330,False,CNY,CNY/tonne,SHFE official daily trading data,A_OFFICIAL_EXCHANGE,highest_open_interest_then_volume,https://www.shfe.com.cn/data/tradedata/future/dailydata/kx20260402.dat
2026-04-03,SHFE,Zinc,zn2605,23740.0,23815.0,23555.0,23590.0,23680.0,80421,82055,-1546,False,CNY,CNY/tonne,SHFE official daily trading data,A_OFFICIAL_EXCHANGE,highest_open_interest_then_volume,https://www.shfe.com.cn/data/tradedata/future/dailydata/kx20260403.dat
2026-04-07,SHFE,Zinc,zn2605,23590.0,23730.0,23480.0,23730.0,23635.0,50241,78313,-3742,False,CNY,CNY/tonne,SHFE official daily trading data,A_OFFICIAL_EXCHANGE,highest_open_interest_then_volume,https://www.shfe.com.cn/data/tradedata/future/dailydata/kx20260407.dat
2026-04-08,SHFE,Zinc,zn2605,23920.0,23970.0,23725.0,23815.0,23875.0,103538,78989,676,False,CNY,CNY/tonne,SHFE official daily trading data,A_OFFICIAL_EXCHANGE,highest_open_interest_then_volume,https://www.shfe.com.cn/data/tradedata/future/dailydata/kx20260408.dat
2026-04-09,SHFE,Zinc,zn2605,23785.0,23905.0,23665.0,23765.0,23780.0,67032,77368,-1621,False,CNY,CNY/tonne,SHFE official daily trading data,A_OFFICIAL_EXCHANGE,highest_open_interest_then_volume,https://www.shfe.com.cn/data/tradedata/future/dailydata/kx20260409.dat
2026-04-10,SHFE,Zinc,zn2605,23765.0,23860.0,23590.0,23615.0,23725.0,75435,76609,-759,False,CNY,CNY/tonne,SHFE official daily trading data,A_OFFICIAL_EXCHANGE,highest_open_interest_then_volume,https://www.shfe.com.cn/data/tradedata/future/dailydata/kx20260410.dat
2026-04-13,SHFE,Zinc,zn2605,23690.0,23725.0,23430.0,23575.0,23565.0,78905,74376,-2233,False,CNY,CNY/tonne,SHFE official daily trading data,A_OFFICIAL_EXCHANGE,highest_open_interest_then_volume,https://www.shfe.com.cn/data/tradedata/future/dailydata/kx20260413.dat
2026-04-14,SHFE,Zinc,zn2605,23500.0,23800.0,23475.0,23790.0,23650.0,75917,73361,-1015,False,CNY,CNY/tonne,SHFE official daily trading data,A_OFFICIAL_EXCHANGE,highest_open_interest_then_volume,https://www.shfe.com.cn/data/tradedata/future/dailydata/kx20260414.dat
2026-04-15,SHFE,Zinc,zn2605,23750.0,23815.0,23610.0,23715.0,23700.0,73791,72056,-1305,False,CNY,CNY/tonne,SHFE official daily trading data,A_OFFICIAL_EXCHANGE,highest_open_interest_then_volume,https://www.shfe.com.cn/data/tradedata/future/dailydata/kx20260415.dat
2026-04-16,SHFE,Zinc,zn2605,23850.0,24000.0,23840.0,23905.0,23915.0,89086,67340,-4716,False,CNY,CNY/tonne,SHFE official daily trading data,A_OFFICIAL_EXCHANGE,highest_open_interest_then_volume,https://www.shfe.com.cn/data/tradedata/future/dailydata/kx20260416.dat
2026-04-17,SHFE,Zinc,zn2606,24030.0,24120.0,23930.0,24070.0,24035.0,46101,69980,4462,True,CNY,CNY/tonne,SHFE official daily trading data,A_OFFICIAL_EXCHANGE,highest_open_interest_then_volume,https://www.shfe.com.cn/data/tradedata/future/dailydata/kx20260417.dat
2026-04-20,SHFE,Zinc,zn2606,24190.0,24395.0,24120.0,24205.0,24275.0,91798,80492,10512,False,CNY,CNY/tonne,SHFE official daily trading data,A_OFFICIAL_EXCHANGE,highest_open_interest_then_volume,https://www.shfe.com.cn/data/tradedata/future/dailydata/kx20260420.dat
2026-04-21,SHFE,Zinc,zn2606,24150.0,24270.0,24060.0,24115.0,24160.0,68827,84296,3804,False,CNY,CNY/tonne,SHFE official daily trading data,A_OFFICIAL_EXCHANGE,highest_open_interest_then_volume,https://www.shfe.com.cn/data/tradedata/future/dailydata/kx20260421.dat
2026-04-22,SHFE,Zinc,zn2606,24290.0,24305.0,24100.0,24250.0,24215.0,86328,91075,6779,False,CNY,CNY/tonne,SHFE official daily trading data,A_OFFICIAL_EXCHANGE,highest_open_interest_then_volume,https://www.shfe.com.cn/data/tradedata/future/dailydata/kx20260422.dat
2026-04-23,SHFE,Zinc,zn2606,24360.0,24465.0,24210.0,24340.0,24350.0,116560,102116,11041,False,CNY,CNY/tonne,SHFE official daily trading data,A_OFFICIAL_EXCHANGE,highest_open_interest_then_volume,https://www.shfe.com.cn/data/tradedata/future/dailydata/kx20260423.dat
2026-04-24,SHFE,Zinc,zn2606,24370.0,24370.0,24170.0,24225.0,24270.0,89522,103942,1826,False,CNY,CNY/tonne,SHFE official daily trading data,A_OFFICIAL_EXCHANGE,highest_open_interest_then_volume,https://www.shfe.com.cn/data/tradedata/future/dailydata/kx20260424.dat
2026-04-27,SHFE,Zinc,zn2606,24400.0,24515.0,24320.0,24450.0,24430.0,116145,109497,5555,False,CNY,CNY/tonne,SHFE official daily trading data,A_OFFICIAL_EXCHANGE,highest_open_interest_then_volume,https://www.shfe.com.cn/data/tradedata/future/dailydata/kx20260427.dat
2026-04-28,SHFE,Zinc,zn2606,24285.0,24325.0,23765.0,23840.0,23945.0,162875,107614,-1883,False,CNY,CNY/tonne,SHFE official daily trading data,A_OFFICIAL_EXCHANGE,highest_open_interest_then_volume,https://www.shfe.com.cn/data/tradedata/future/dailydata/kx20260428.dat
2026-04-29,SHFE,Zinc,zn2606,23865.0,23955.0,23765.0,23935.0,23860.0,90250,100000,-7614,False,CNY,CNY/tonne,SHFE official daily trading data,A_OFFICIAL_EXCHANGE,highest_open_interest_then_volume,https://www.shfe.com.cn/data/tradedata/future/dailydata/kx20260429.dat
2026-04-30,SHFE,Zinc,zn2606,23750.0,23760.0,23560.0,23645.0,23645.0,104734,95744,-4256,False,CNY,CNY/tonne,SHFE official daily trading data,A_OFFICIAL_EXCHANGE,highest_open_interest_then_volume,https://www.shfe.com.cn/data/tradedata/future/dailydata/kx20260430.dat
2026-05-06,SHFE,Zinc,zn2606,23850.0,24290.0,23815.0,24250.0,24105.0,90432,93402,-2342,False,CNY,CNY/tonne,SHFE official daily trading data,A_OFFICIAL_EXCHANGE,highest_open_interest_then_volume,https://www.shfe.com.cn/data/tradedata/future/dailydata/kx20260506.dat
2026-05-07,SHFE,Zinc,zn2606,24180.0,24305.0,24100.0,24285.0,24185.0,89333,89871,-3531,False,CNY,CNY/tonne,SHFE official daily trading data,A_OFFICIAL_EXCHANGE,highest_open_interest_then_volume,https://www.shfe.com.cn/data/tradedata/future/dailydata/kx20260507.dat
2026-05-08,SHFE,Zinc,zn2606,24350.0,24410.0,24230.0,24275.0,24320.0,82645,89803,-68,False,CNY,CNY/tonne,SHFE official daily trading data,A_OFFICIAL_EXCHANGE,highest_open_interest_then_volume,https://www.shfe.com.cn/data/tradedata/future/dailydata/kx20260508.dat
2026-05-11,SHFE,Zinc,zn2606,24205.0,24225.0,24020.0,24085.0,24125.0,94636,83690,-6113,False,CNY,CNY/tonne,SHFE official daily trading data,A_OFFICIAL_EXCHANGE,highest_open_interest_then_volume,https://www.shfe.com.cn/data/tradedata/future/dailydata/kx20260511.dat
2026-05-12,SHFE,Zinc,zn2606,24255.0,24550.0,24200.0,24380.0,24395.0,140871,88173,4483,False,CNY,CNY/tonne,SHFE official daily trading data,A_OFFICIAL_EXCHANGE,highest_open_interest_then_volume,https://www.shfe.com.cn/data/tradedata/future/dailydata/kx20260512.dat
2026-05-13,SHFE,Zinc,zn2606,24620.0,24875.0,24610.0,24830.0,24740.0,143876,91574,3401,False,CNY,CNY/tonne,SHFE official daily trading data,A_OFFICIAL_EXCHANGE,highest_open_interest_then_volume,https://www.shfe.com.cn/data/tradedata/future/dailydata/kx20260513.dat
2026-05-14,SHFE,Zinc,zn2606,24830.0,24970.0,24760.0,24880.0,24865.0,118537,89002,-2572,False,CNY,CNY/tonne,SHFE official daily trading data,A_OFFICIAL_EXCHANGE,highest_open_interest_then_volume,https://www.shfe.com.cn/data/tradedata/future/dailydata/kx20260514.dat
2026-05-15,SHFE,Zinc,zn2606,25000.0,25075.0,24620.0,24690.0,24825.0,134929,84499,-4503,False,CNY,CNY/tonne,SHFE official daily trading data,A_OFFICIAL_EXCHANGE,highest_open_interest_then_volume,https://www.shfe.com.cn/data/tradedata/future/dailydata/kx20260515.dat
2026-05-18,SHFE,Zinc,zn2607,24650.0,24825.0,24470.0,24730.0,24665.0,63923,79034,-343,True,CNY,CNY/tonne,SHFE official daily trading data,A_OFFICIAL_EXCHANGE,highest_open_interest_then_volume,https://www.shfe.com.cn/data/tradedata/future/dailydata/kx20260518.dat
2026-05-19,SHFE,Zinc,zn2607,24800.0,24800.0,24510.0,24705.0,24650.0,56485,81657,2623,False,CNY,CNY/tonne,SHFE official daily trading data,A_OFFICIAL_EXCHANGE,highest_open_interest_then_volume,https://www.shfe.com.cn/data/tradedata/future/dailydata/kx20260519.dat
2026-05-20,SHFE,Zinc,zn2607,24750.0,24815.0,24445.0,24790.0,24570.0,72440,88141,6484,False,CNY,CNY/tonne,SHFE official daily trading data,A_OFFICIAL_EXCHANGE,highest_open_interest_then_volume,https://www.shfe.com.cn/data/tradedata/future/dailydata/kx20260520.dat
2026-05-21,SHFE,Zinc,zn2607,24755.0,24980.0,24730.0,24805.0,24885.0,76049,96413,8272,False,CNY,CNY/tonne,SHFE official daily trading data,A_OFFICIAL_EXCHANGE,highest_open_interest_then_volume,https://www.shfe.com.cn/data/tradedata/future/dailydata/kx20260521.dat
2026-05-22,SHFE,Zinc,zn2607,24755.0,24935.0,24610.0,24865.0,24780.0,78049,99206,2793,False,CNY,CNY/tonne,SHFE official daily trading data,A_OFFICIAL_EXCHANGE,highest_open_interest_then_volume,https://www.shfe.com.cn/data/tradedata/future/dailydata/kx20260522.dat
2026-05-25,SHFE,Zinc,zn2607,24790.0,24915.0,24695.0,24875.0,24815.0,101617,106186,6980,False,CNY,CNY/tonne,SHFE official daily trading data,A_OFFICIAL_EXCHANGE,highest_open_interest_then_volume,https://www.shfe.com.cn/data/tradedata/future/dailydata/kx20260525.dat
2026-05-26,SHFE,Zinc,zn2607,24955.0,25175.0,24825.0,25110.0,24985.0,157354,114282,8096,False,CNY,CNY/tonne,SHFE official daily trading data,A_OFFICIAL_EXCHANGE,highest_open_interest_then_volume,https://www.shfe.com.cn/data/tradedata/future/dailydata/kx20260526.dat
2026-05-27,SHFE,Zinc,zn2607,25065.0,25075.0,24675.0,24710.0,24835.0,138554,112098,-2184,False,CNY,CNY/tonne,SHFE official daily trading data,A_OFFICIAL_EXCHANGE,highest_open_interest_then_volume,https://www.shfe.com.cn/data/tradedata/future/dailydata/kx20260527.dat
2026-05-28,SHFE,Zinc,zn2607,24700.0,24765.0,24580.0,24665.0,24680.0,124453,106541,-5557,False,CNY,CNY/tonne,SHFE official daily trading data,A_OFFICIAL_EXCHANGE,highest_open_interest_then_volume,https://www.shfe.com.cn/data/tradedata/future/dailydata/kx20260528.dat
2026-05-29,SHFE,Zinc,zn2607,24725.0,25030.0,24680.0,24965.0,24880.0,123637,109275,2734,False,CNY,CNY/tonne,SHFE official daily trading data,A_OFFICIAL_EXCHANGE,highest_open_interest_then_volume,https://www.shfe.com.cn/data/tradedata/future/dailydata/kx20260529.dat
2026-06-01,SHFE,Zinc,zn2607,24880.0,24885.0,24630.0,24720.0,24715.0,127215,105950,-3325,False,CNY,CNY/tonne,SHFE official daily trading data,A_OFFICIAL_EXCHANGE,highest_open_interest_then_volume,https://www.shfe.com.cn/data/tradedata/future/dailydata/kx20260601.dat
2026-06-02,SHFE,Zinc,zn2607,24880.0,25020.0,24710.0,24985.0,24860.0,123481,107282,1332,False,CNY,CNY/tonne,SHFE official daily trading data,A_OFFICIAL_EXCHANGE,highest_open_interest_then_volume,https://www.shfe.com.cn/data/tradedata/future/dailydata/kx20260602.dat
2026-06-03,SHFE,Zinc,zn2607,25065.0,25355.0,25060.0,25150.0,25220.0,150723,111784,4502,False,CNY,CNY/tonne,SHFE official daily trading data,A_OFFICIAL_EXCHANGE,highest_open_interest_then_volume,https://www.shfe.com.cn/data/tradedata/future/dailydata/kx20260603.dat
2026-06-04,SHFE,Zinc,zn2607,25100.0,25280.0,24770.0,24800.0,25000.0,134203,101447,-10337,False,CNY,CNY/tonne,SHFE official daily trading data,A_OFFICIAL_EXCHANGE,highest_open_interest_then_volume,https://www.shfe.com.cn/data/tradedata/future/dailydata/kx20260604.dat
2026-06-05,SHFE,Zinc,zn2607,24860.0,24995.0,24720.0,24780.0,24845.0,109162,97640,-3807,False,CNY,CNY/tonne,SHFE official daily trading data,A_OFFICIAL_EXCHANGE,highest_open_interest_then_volume,https://www.shfe.com.cn/data/tradedata/future/dailydata/kx20260605.dat
2026-06-08,SHFE,Zinc,zn2607,24815.0,24870.0,24550.0,24630.0,24695.0,128039,91905,-5735,False,CNY,CNY/tonne,SHFE official daily trading data,A_OFFICIAL_EXCHANGE,highest_open_interest_then_volume,https://www.shfe.com.cn/data/tradedata/future/dailydata/kx20260608.dat
2026-06-09,SHFE,Zinc,zn2607,24700.0,24795.0,24585.0,24760.0,24695.0,98537,89897,-2008,False,CNY,CNY/tonne,SHFE official daily trading data,A_OFFICIAL_EXCHANGE,highest_open_interest_then_volume,https://www.shfe.com.cn/data/tradedata/future/dailydata/kx20260609.dat
2026-06-10,SHFE,Zinc,zn2607,24885.0,24945.0,24605.0,24620.0,24770.0,113877,86601,-3296,False,CNY,CNY/tonne,SHFE official daily trading data,A_OFFICIAL_EXCHANGE,highest_open_interest_then_volume,https://www.shfe.com.cn/data/tradedata/future/dailydata/kx20260610.dat
2026-06-11,SHFE,Zinc,zn2607,24480.0,24580.0,24110.0,24165.0,24310.0,172310,80755,-5846,False,CNY,CNY/tonne,SHFE official daily trading data,A_OFFICIAL_EXCHANGE,highest_open_interest_then_volume,https://www.shfe.com.cn/data/tradedata/future/dailydata/kx20260611.dat
2026-06-12,SHFE,Zinc,zn2608,24135.0,24480.0,24100.0,24395.0,24310.0,57417,77310,799,True,CNY,CNY/tonne,SHFE official daily trading data,A_OFFICIAL_EXCHANGE,highest_open_interest_then_volume,https://www.shfe.com.cn/data/tradedata/future/dailydata/kx20260612.dat
2026-06-15,SHFE,Zinc,zn2608,24500.0,24930.0,24465.0,24875.0,24735.0,79145,79180,1870,False,CNY,CNY/tonne,SHFE official daily trading data,A_OFFICIAL_EXCHANGE,highest_open_interest_then_volume,https://www.shfe.com.cn/data/tradedata/future/dailydata/kx20260615.dat
2026-06-16,SHFE,Zinc,zn2608,24840.0,24995.0,24755.0,24765.0,24815.0,52678,80630,1450,False,CNY,CNY/tonne,SHFE official daily trading data,A_OFFICIAL_EXCHANGE,highest_open_interest_then_volume,https://www.shfe.com.cn/data/tradedata/future/dailydata/kx20260616.dat
2026-06-17,SHFE,Zinc,zn2608,24735.0,24780.0,24640.0,24740.0,24710.0,61299,86717,6087,False,CNY,CNY/tonne,SHFE official daily trading data,A_OFFICIAL_EXCHANGE,highest_open_interest_then_volume,https://www.shfe.com.cn/data/tradedata/future/dailydata/kx20260617.dat
2026-06-18,SHFE,Zinc,zn2608,24865.0,24970.0,24725.0,24820.0,24850.0,72752,90404,3687,False,CNY,CNY/tonne,SHFE official daily trading data,A_OFFICIAL_EXCHANGE,highest_open_interest_then_volume,https://www.shfe.com.cn/data/tradedata/future/dailydata/kx20260618.dat
2026-06-22,SHFE,Zinc,zn2608,24800.0,24870.0,24590.0,24770.0,24725.0,70666,96553,6149,False,CNY,CNY/tonne,SHFE official daily trading data,A_OFFICIAL_EXCHANGE,highest_open_interest_then_volume,https://www.shfe.com.cn/data/tradedata/future/dailydata/kx20260622.dat
2026-06-23,SHFE,Zinc,zn2608,24920.0,24960.0,24525.0,24570.0,24765.0,126036,101223,4670,False,CNY,CNY/tonne,SHFE official daily trading data,A_OFFICIAL_EXCHANGE,highest_open_interest_then_volume,https://www.shfe.com.cn/data/tradedata/future/dailydata/kx20260623.dat
2026-06-24,SHFE,Zinc,zn2608,24385.0,24480.0,24280.0,24330.0,24370.0,131206,101164,-59,False,CNY,CNY/tonne,SHFE official daily trading data,A_OFFICIAL_EXCHANGE,highest_open_interest_then_volume,https://www.shfe.com.cn/data/tradedata/future/dailydata/kx20260624.dat
2026-06-25,SHFE,Zinc,zn2608,24025.0,24195.0,23875.0,23945.0,24010.0,158824,107511,6347,False,CNY,CNY/tonne,SHFE official daily trading data,A_OFFICIAL_EXCHANGE,highest_open_interest_then_volume,https://www.shfe.com.cn/data/tradedata/future/dailydata/kx20260625.dat
2026-06-26,SHFE,Zinc,zn2608,24030.0,24050.0,23720.0,23945.0,23885.0,138593,110067,2556,False,CNY,CNY/tonne,SHFE official daily trading data,A_OFFICIAL_EXCHANGE,highest_open_interest_then_volume,https://www.shfe.com.cn/data/tradedata/future/dailydata/kx20260626.dat
2026-06-29,SHFE,Zinc,zn2608,24005.0,24505.0,23940.0,24470.0,24260.0,148764,102052,-8015,False,CNY,CNY/tonne,SHFE official daily trading data,A_OFFICIAL_EXCHANGE,highest_open_interest_then_volume,https://www.shfe.com.cn/data/tradedata/future/dailydata/kx20260629.dat
2026-06-30,SHFE,Zinc,zn2608,24330.0,24385.0,24125.0,24350.0,24245.0,128347,95454,-6598,False,CNY,CNY/tonne,SHFE official daily trading data,A_OFFICIAL_EXCHANGE,highest_open_interest_then_volume,https://www.shfe.com.cn/data/tradedata/future/dailydata/kx20260630.dat
2026-07-01,SHFE,Zinc,zn2608,24460.0,24620.0,24385.0,24400.0,24490.0,118660,95485,31,False,CNY,CNY/tonne,SHFE official daily trading data,A_OFFICIAL_EXCHANGE,highest_open_interest_then_volume,https://www.shfe.com.cn/data/tradedata/future/dailydata/kx20260701.dat
2026-07-02,SHFE,Zinc,zn2608,24400.0,24535.0,24070.0,24130.0,24315.0,136322,93670,-1815,False,CNY,CNY/tonne,SHFE official daily trading data,A_OFFICIAL_EXCHANGE,highest_open_interest_then_volume,https://www.shfe.com.cn/data/tradedata/future/dailydata/kx20260702.dat
2026-07-03,SHFE,Zinc,zn2608,24130.0,24430.0,24105.0,24295.0,24260.0,112739,90310,-3360,False,CNY,CNY/tonne,SHFE official daily trading data,A_OFFICIAL_EXCHANGE,highest_open_interest_then_volume,https://www.shfe.com.cn/data/tradedata/future/dailydata/kx20260703.dat
2026-07-06,SHFE,Zinc,zn2608,24400.0,24575.0,24340.0,24515.0,24465.0,104618,88878,-1432,False,CNY,CNY/tonne,SHFE official daily trading data,A_OFFICIAL_EXCHANGE,highest_open_interest_then_volume,https://www.shfe.com.cn/data/tradedata/future/dailydata/kx20260706.dat
2026-07-07,SHFE,Zinc,zn2608,24605.0,24805.0,24600.0,24740.0,24700.0,105503,89479,601,False,CNY,CNY/tonne,SHFE official daily trading data,A_OFFICIAL_EXCHANGE,highest_open_interest_then_volume,https://www.shfe.com.cn/data/tradedata/future/dailydata/kx20260707.dat
2026-07-08,SHFE,Zinc,zn2608,24700.0,24775.0,24640.0,24665.0,24695.0,78465,85676,-3803,False,CNY,CNY/tonne,SHFE official daily trading data,A_OFFICIAL_EXCHANGE,highest_open_interest_then_volume,https://www.shfe.com.cn/data/tradedata/future/dailydata/kx20260708.dat
2026-07-09,SHFE,Zinc,zn2608,24540.0,24835.0,24450.0,24795.0,24605.0,110928,80988,-4688,False,CNY,CNY/tonne,SHFE official daily trading data,A_OFFICIAL_EXCHANGE,highest_open_interest_then_volume,https://www.shfe.com.cn/data/tradedata/future/dailydata/kx20260709.dat
2026-07-10,SHFE,Zinc,zn2608,24955.0,25035.0,24835.0,24865.0,24910.0,97934,85081,4093,False,CNY,CNY/tonne,SHFE official daily trading data,A_OFFICIAL_EXCHANGE,highest_open_interest_then_volume,https://www.shfe.com.cn/data/tradedata/future/dailydata/kx20260710.dat
2026-07-13,SHFE,Zinc,zn2609,24845.0,24995.0,24730.0,24760.0,24840.0,48064,81626,541,True,CNY,CNY/tonne,SHFE official daily trading data,A_OFFICIAL_EXCHANGE,highest_open_interest_then_volume,https://www.shfe.com.cn/data/tradedata/future/dailydata/kx20260713.dat
2026-07-14,SHFE,Zinc,zn2609,24730.0,24890.0,24675.0,24840.0,24760.0,56737,86056,4430,False,CNY,CNY/tonne,SHFE official daily trading data,A_OFFICIAL_EXCHANGE,highest_open_interest_then_volume,https://www.shfe.com.cn/data/tradedata/future/dailydata/kx20260714.dat
2026-07-15,SHFE,Zinc,zn2609,24945.0,24950.0,24795.0,24805.0,24890.0,51646,91969,5913,False,CNY,CNY/tonne,SHFE official daily trading data,A_OFFICIAL_EXCHANGE,highest_open_interest_then_volume,https://www.shfe.com.cn/data/tradedata/future/dailydata/kx20260715.dat
2026-07-16,SHFE,Zinc,zn2609,24705.0,24750.0,24585.0,24700.0,24665.0,71694,91306,-663,False,CNY,CNY/tonne,SHFE official daily trading data,A_OFFICIAL_EXCHANGE,highest_open_interest_then_volume,https://www.shfe.com.cn/data/tradedata/future/dailydata/kx20260716.dat
2026-07-17,SHFE,Zinc,zn2609,24645.0,24815.0,24450.0,24465.0,24610.0,83009,95408,4102,False,CNY,CNY/tonne,SHFE official daily trading data,A_OFFICIAL_EXCHANGE,highest_open_interest_then_volume,https://www.shfe.com.cn/data/tradedata/future/dailydata/kx20260717.dat
2026-07-20,SHFE,Zinc,zn2609,24370.0,24560.0,24235.0,24365.0,24390.0,130763,97218,1810,False,CNY,CNY/tonne,SHFE official daily trading data,A_OFFICIAL_EXCHANGE,highest_open_interest_then_volume,https://www.shfe.com.cn/data/tradedata/future/dailydata/kx20260720.dat
2026-07-21,SHFE,Zinc,zn2609,24415.0,24550.0,24310.0,24515.0,24400.0,99433,95946,-1272,False,CNY,CNY/tonne,SHFE official daily trading data,A_OFFICIAL_EXCHANGE,highest_open_interest_then_volume,https://www.shfe.com.cn/data/tradedata/future/dailydata/kx20260721.dat
2026-07-22,SHFE,Zinc,zn2609,24515.0,24635.0,24430.0,24565.0,24525.0,89033,97559,1613,False,CNY,CNY/tonne,SHFE official daily trading data,A_OFFICIAL_EXCHANGE,highest_open_interest_then_volume,https://www.shfe.com.cn/data/tradedata/future/dailydata/kx20260722.dat
2026-07-23,SHFE,Zinc,zn2609,24650.0,24960.0,24610.0,24910.0,24815.0,128412,112072,14513,False,CNY,CNY/tonne,SHFE official daily trading data,A_OFFICIAL_EXCHANGE,highest_open_interest_then_volume,https://www.shfe.com.cn/data/tradedata/future/dailydata/kx20260723.dat
2026-07-24,SHFE,Zinc,zn2609,24825.0,24880.0,24680.0,24785.0,24770.0,92511,107657,-4415,False,CNY,CNY/tonne,SHFE official daily trading data,A_OFFICIAL_EXCHANGE,highest_open_interest_then_volume,https://www.shfe.com.cn/data/tradedata/future/dailydata/kx20260724.dat
2026-07-27,SHFE,Zinc,zn2609,24785.0,24915.0,24785.0,24885.0,24855.0,96283,111324,3667,False,CNY,CNY/tonne,SHFE official daily trading data,A_OFFICIAL_EXCHANGE,highest_open_interest_then_volume,https://www.shfe.com.cn/data/tradedata/future/dailydata/kx20260727.dat
2026-07-28,SHFE,Zinc,zn2609,24890.0,24935.0,24680.0,24780.0,24785.0,97751,111144,-180,False,CNY,CNY/tonne,SHFE official daily trading data,A_OFFICIAL_EXCHANGE,highest_open_interest_then_volume,https://www.shfe.com.cn/data/tradedata/future/dailydata/kx20260728.dat
2026-07-29,SHFE,Zinc,zn2609,24660.0,24830.0,24595.0,24765.0,24705.0,109730,105165,-5979,False,CNY,CNY/tonne,SHFE official daily trading data,A_OFFICIAL_EXCHANGE,highest_open_interest_then_volume,https://www.shfe.com.cn/data/tradedata/future/dailydata/kx20260729.dat
2026-07-30,SHFE,Zinc,zn2609,24750.0,24840.0,24650.0,24700.0,24720.0,97133,105002,-163,False,CNY,CNY/tonne,SHFE official daily trading data,A_OFFICIAL_EXCHANGE,highest_open_interest_then_volume,https://www.shfe.com.cn/data/tradedata/future/dailydata/kx20260730.dat
2026-07-31,SHFE,Zinc,zn2609,24800.0,25025.0,24800.0,24890.0,24905.0,125959,110694,5692,False,CNY,CNY/tonne,SHFE official daily trading data,A_OFFICIAL_EXCHANGE,highest_open_interest_then_volume,https://www.shfe.com.cn/data/tradedata/future/dailydata/kx20260731.dat
2026-08-03,SHFE,Zinc,zn2609,25010.0,25390.0,24950.0,25380.0,25125.0,161964,126680,15986,False,CNY,CNY/tonne,SHFE official daily trading data,A_OFFICIAL_EXCHANGE,highest_open_interest_then_volume,https://www.shfe.com.cn/data/tradedata/future/dailydata/kx20260803.dat
2026-08-04,SHFE,Zinc,zn2609,25250.0,25250.0,24780.0,25075.0,24955.0,178761,117569,-9111,False,CNY,CNY/tonne,SHFE official daily trading data,A_OFFICIAL_EXCHANGE,highest_open_interest_then_volume,https://www.shfe.com.cn/data/tradedata/future/dailydata/kx20260804.dat
2026-08-05,SHFE,Zinc,zn2609,25110.0,25425.0,25095.0,25425.0,25240.0,140829,119643,2074,False,CNY,CNY/tonne,SHFE official daily trading data,A_OFFICIAL_EXCHANGE,highest_open_interest_then_volume,https://www.shfe.com.cn/data/tradedata/future/dailydata/kx20260805.dat
2026-08-06,SHFE,Zinc,zn2609,25425.0,25710.0,25400.0,25585.0,25605.0,155243,125285,5642,False,CNY,CNY/tonne,SHFE official daily trading data,A_OFFICIAL_EXCHANGE,highest_open_interest_then_volume,https://www.shfe.com.cn/data/tradedata/future/dailydata/kx20260806.dat
2026-08-07,SHFE,Zinc,zn2609,25780.0,26020.0,25765.0,25945.0,25905.0,154687,130614,5329,False,CNY,CNY/tonne,SHFE official daily trading data,A_OFFICIAL_EXCHANGE,highest_open_interest_then_volume,https://www.shfe.com.cn/data/tradedata/future/dailydata/kx20260807.dat
2026-08-10,SHFE,Zinc,zn2609,25705.0,25730.0,25445.0,25615.0,25560.0,147662,119971,-10643,False,CNY,CNY/tonne,SHFE official daily trading data,A_OFFICIAL_EXCHANGE,highest_open_interest_then_volume,https://www.shfe.com.cn/data/tradedata/future/dailydata/kx20260810.dat
2026-08-11,SHFE,Zinc,zn2609,25555.0,25775.0,25460.0,25665.0,25610.0,115418,115271,-4700,False,CNY,CNY/tonne,SHFE official daily trading data,A_OFFICIAL_EXCHANGE,highest_open_interest_then_volume,https://www.shfe.com.cn/data/tradedata/future/dailydata/kx20260811.dat
2026-08-12,SHFE,Zinc,zn2610,25755.0,25880.0,25605.0,25870.0,25730.0,51578,115741,3873,True,CNY,CNY/tonne,SHFE official daily trading data,A_OFFICIAL_EXCHANGE,highest_open_interest_then_volume,https://www.shfe.com.cn/data/tradedata/future/dailydata/kx20260812.dat
2026-08-13,SHFE,Zinc,zn2610,25940.0,25985.0,25580.0,25590.0,25750.0,80450,124917,9176,False,CNY,CNY/tonne,SHFE official daily trading data,A_OFFICIAL_EXCHANGE,highest_open_interest_then_volume,https://www.shfe.com.cn/data/tradedata/future/dailydata/kx20260813.dat
2026-08-14,SHFE,Zinc,zn2610,25625.0,25785.0,25585.0,25695.0,25685.0,73755,130735,5818,False,CNY,CNY/tonne,SHFE official daily trading data,A_OFFICIAL_EXCHANGE,highest_open_interest_then_volume,https://www.shfe.com.cn/data/tradedata/future/dailydata/kx20260814.dat
2026-08-17,SHFE,Zinc,zn2610,25890.0,26015.0,25745.0,25865.0,25895.0,114621,144634,13899,False,CNY,CNY/tonne,SHFE official daily trading data,A_OFFICIAL_EXCHANGE,highest_open_interest_then_volume,https://www.shfe.com.cn/data/tradedata/future/dailydata/kx20260817.dat
2026-08-18,SHFE,Zinc,zn2610,25835.0,25835.0,25605.0,25705.0,25700.0,140500,152344,7710,False,CNY,CNY/tonne,SHFE official daily trading data,A_OFFICIAL_EXCHANGE,highest_open_interest_then_volume,https://www.shfe.com.cn/data/tradedata/future/dailydata/kx20260818.dat
2026-08-19,SHFE,Zinc,zn2610,25690.0,25690.0,25260.0,25325.0,25420.0,174090,139656,-12688,False,CNY,CNY/tonne,SHFE official daily trading data,A_OFFICIAL_EXCHANGE,highest_open_interest_then_volume,https://www.shfe.com.cn/data/tradedata/future/dailydata/kx20260819.dat
2026-08-20,SHFE,Zinc,zn2610,25350.0,25485.0,25325.0,25350.0,25390.0,132521,138261,-1395,False,CNY,CNY/tonne,SHFE official daily trading data,A_OFFICIAL_EXCHANGE,highest_open_interest_then_volume,https://www.shfe.com.cn/data/tradedata/future/dailydata/kx20260820.dat
2026-08-21,SHFE,Zinc,zn2610,25480.0,25805.0,25425.0,25710.0,25635.0,162037,138692,431,False,CNY,CNY/tonne,SHFE official daily trading data,A_OFFICIAL_EXCHANGE,highest_open_interest_then_volume,https://www.shfe.com.cn/data/tradedata/future/dailydata/kx20260821.dat
2026-08-24,SHFE,Zinc,zn2610,25950.0,26120.0,25865.0,25905.0,25955.0,144624,144428,5736,False,CNY,CNY/tonne,SHFE official daily trading data,A_OFFICIAL_EXCHANGE,highest_open_interest_then_volume,https://www.shfe.com.cn/data/tradedata/future/dailydata/kx20260824.dat
2026-08-25,SHFE,Zinc,zn2610,26000.0,26160.0,25960.0,26070.0,26055.0,142232,152334,7906,False,CNY,CNY/tonne,SHFE official daily trading data,A_OFFICIAL_EXCHANGE,highest_open_interest_then_volume,https://www.shfe.com.cn/data/tradedata/future/dailydata/kx20260825.dat
2026-08-26,SHFE,Zinc,zn2610,26140.0,26425.0,26050.0,26240.0,26255.0,188235,161482,9148,False,CNY,CNY/tonne,SHFE official daily trading data,A_OFFICIAL_EXCHANGE,highest_open_interest_then_volume,https://www.shfe.com.cn/data/tradedata/future/dailydata/kx20260826.dat
2026-08-27,SHFE,Zinc,zn2610,26455.0,26745.0,26125.0,26140.0,26465.0,263447,166458,4976,False,CNY,CNY/tonne,SHFE official daily trading data,A_OFFICIAL_EXCHANGE,highest_open_interest_then_volume,https://www.shfe.com.cn/data/tradedata/future/dailydata/kx20260827.dat
2026-08-28,SHFE,Zinc,zn2610,26285.0,26500.0,26085.0,26485.0,26275.0,175085,164542,-1916,False,CNY,CNY/tonne,SHFE official daily trading data,A_OFFICIAL_EXCHANGE,highest_open_interest_then_volume,https://www.shfe.com.cn/data/tradedata/future/dailydata/kx20260828.dat
2026-08-31,SHFE,Zinc,zn2610,26240.0,26770.0,26115.0,26710.0,26355.0,229756,165868,1326,False,CNY,CNY/tonne,SHFE official daily trading data,A_OFFICIAL_EXCHANGE,highest_open_interest_then_volume,https://www.shfe.com.cn/data/tradedata/future/dailydata/kx20260831.dat
2026-09-01,SHFE,Zinc,zn2610,26660.0,27165.0,26660.0,27070.0,26980.0,179931,174103,8235,False,CNY,CNY/tonne,SHFE official daily trading data,A_OFFICIAL_EXCHANGE,highest_open_interest_then_volume,https://www.shfe.com.cn/data/tradedata/future/dailydata/kx20260901.dat
2026-09-02,SHFE,Zinc,zn2610,26890.0,26920.0,26450.0,26585.0,26645.0,196068,162788,-11315,False,CNY,CNY/tonne,SHFE official daily trading data,A_OFFICIAL_EXCHANGE,highest_open_interest_then_volume,https://www.shfe.com.cn/data/tradedata/future/dailydata/kx20260902.dat
2026-09-03,SHFE,Zinc,zn2610,26470.0,26930.0,26375.0,26610.0,26630.0,166807,159128,-3660,False,CNY,CNY/tonne,SHFE official daily trading data,A_OFFICIAL_EXCHANGE,highest_open_interest_then_volume,https://www.shfe.com.cn/data/tradedata/future/dailydata/kx20260903.dat
2026-09-04,SHFE,Zinc,zn2610,26725.0,26840.0,26630.0,26745.0,26745.0,129776,157164,-1964,False,CNY,CNY/tonne,SHFE official daily trading data,A_OFFICIAL_EXCHANGE,highest_open_interest_then_volume,https://www.shfe.com.cn/data/tradedata/future/dailydata/kx20260904.dat
2026-09-07,SHFE,Zinc,zn2610,26710.0,27250.0,26675.0,27095.0,26995.0,176145,156750,-414,False,CNY,CNY/tonne,SHFE official daily trading data,A_OFFICIAL_EXCHANGE,highest_open_interest_then_volume,https://www.shfe.com.cn/data/tradedata/future/dailydata/kx20260907.dat
2026-09-08,SHFE,Zinc,zn2610,27110.0,27715.0,27030.0,27505.0,27430.0,173671,160294,3544,False,CNY,CNY/tonne,SHFE official daily trading data,A_OFFICIAL_EXCHANGE,highest_open_interest_then_volume,https://www.shfe.com.cn/data/tradedata/future/dailydata/kx20260908.dat
2026-09-09,SHFE,Zinc,zn2610,27420.0,27745.0,27345.0,27735.0,27485.0,154806,157226,-3068,False,CNY,CNY/tonne,SHFE official daily trading data,A_OFFICIAL_EXCHANGE,highest_open_interest_then_volume,https://www.shfe.com.cn/data/tradedata/future/dailydata/kx20260909.dat
2026-09-10,SHFE,Zinc,zn2610,27690.0,27895.0,27305.0,27475.0,27650.0,178157,146675,-10551,False,CNY,CNY/tonne,SHFE official daily trading data,A_OFFICIAL_EXCHANGE,highest_open_interest_then_volume,https://www.shfe.com.cn/data/tradedata/future/dailydata/kx20260910.dat
2026-09-11,SHFE,Zinc,zn2611,26950.0,27105.0,26635.0,26845.0,26855.0,117570,124373,-5687,True,CNY,CNY/tonne,SHFE official daily trading data,A_OFFICIAL_EXCHANGE,highest_open_interest_then_volume,https://www.shfe.com.cn/data/tradedata/future/dailydata/kx20260911.dat
2026-09-14,SHFE,Zinc,zn2611,26770.0,26825.0,26280.0,26335.0,26525.0,97513,127946,3573,False,CNY,CNY/tonne,SHFE official daily trading data,A_OFFICIAL_EXCHANGE,highest_open_interest_then_volume,https://www.shfe.com.cn/data/tradedata/future/dailydata/kx20260914.dat
2026-09-15,SHFE,Zinc,zn2611,25960.0,26250.0,25960.0,26145.0,26115.0,99914,122991,-4955,False,CNY,CNY/tonne,SHFE official daily trading data,A_OFFICIAL_EXCHANGE,highest_open_interest_then_volume,https://www.shfe.com.cn/data/tradedata/future/dailydata/kx20260915.dat
2026-09-16,SHFE,Zinc,zn2611,26220.0,26310.0,26025.0,26300.0,26180.0,106948,125458,2467,False,CNY,CNY/tonne,SHFE official daily trading data,A_OFFICIAL_EXCHANGE,highest_open_interest_then_volume,https://www.shfe.com.cn/data/tradedata/future/dailydata/kx20260916.dat
2026-09-17,SHFE,Zinc,zn2611,26155.0,26335.0,25965.0,26280.0,26150.0,101241,123690,-1768,False,CNY,CNY/tonne,SHFE official daily trading data,A_OFFICIAL_EXCHANGE,highest_open_interest_then_volume,https://www.shfe.com.cn/data/tradedata/future/dailydata/kx20260917.dat
